2025-05-12 14:10:36 | DAILY_SUMMARY | SENT | Daily summary report for 2025-05-12
2025-05-12 14:16:41 | DAILY_SUMMARY | SENT | Daily summary report for 2025-05-12
2025-05-12 14:25:15 | DAILY_SUMMARY | FAILED | Daily summary report for 2025-05-12
2025-05-12 14:28:42 | DAILY_SUMMARY | FAILED | Daily summary report for 2025-05-12
2025-05-12 14:29:04 | DAILY_SUMMARY | FAILED | Daily summary report for 2025-05-12
2025-05-12 14:29:48 | DAILY_SUMMARY | FAILED | Daily summary report for 2025-05-12
2025-05-12 14:29:59 | DAILY_SUMMARY | FAILED | Daily summary report for 2025-05-12
2025-05-12 14:32:00 | DAILY_SUMMARY | SENT | Daily summary report for 2025-05-12
2025-05-12 15:19:12 | DAILY_SUMMARY | SENT | Daily summary report for 2025-05-12
2025-05-12 15:20:52 | DAILY_SUMMARY | SENT | Daily summary report for 2025-05-12
2025-05-12 15:22:21 | DAILY_SUMMARY | SENT | Daily summary report for 2025-05-12
2025-05-12 15:31:31 | DAILY_SUMMARY | SENT | Daily summary report for 2025-05-12
2025-05-12 17:36:11 | PLANT_DATA_AGE | SENT | PLANT DATA AGE ALERT: Plant station data file is 1.31 hours old.
2025-05-12 17:36:13 | WEATHER_DATA_AGE | SENT | WEATHER DATA AGE ALERT: Weather station data file is 1.32 hours old.
2025-05-12 18:36:18 | PLANT_DATA_AGE | SENT | PLANT DATA AGE ALERT: Plant station data file is 2.31 hours old.
2025-05-12 18:36:20 | WEATHER_DATA_AGE | SENT | WEATHER DATA AGE ALERT: Weather station data file is 2.33 hours old.
2025-05-12 19:36:24 | PLANT_DATA_AGE | SENT | PLANT DATA AGE ALERT: Plant station data file is 3.31 hours old.
2025-05-12 19:36:27 | WEATHER_DATA_AGE | SENT | WEATHER DATA AGE ALERT: Weather station data file is 3.33 hours old.
2025-05-12 20:19:04 | PLANT_DATA_AGE | SENT | PLANT DATA AGE ALERT: Plant station data file is 4.02 hours old.
2025-05-12 20:19:06 | WEATHER_DATA_AGE | SENT | WEATHER DATA AGE ALERT: Weather station data file is 4.04 hours old.
2025-05-12 20:19:24 | DAILY_SUMMARY | SENT | Daily summary report for 2025-05-12
2025-05-12 21:19:28 | PLANT_DATA_AGE | SENT | PLANT DATA AGE ALERT: Plant station data file is 5.03 hours old.
2025-05-12 22:19:33 | PLANT_DATA_AGE | SENT | PLANT DATA AGE ALERT: Plant station data file is 6.03 hours old.
2025-05-12 22:19:35 | WEATHER_DATA_AGE | SENT | WEATHER DATA AGE ALERT: Weather station data file is 1.87 hours old.
2025-05-12 23:19:39 | PLANT_DATA_AGE | SENT | PLANT DATA AGE ALERT: Plant station data file is 7.03 hours old.
2025-05-12 23:19:41 | WEATHER_DATA_AGE | SENT | WEATHER DATA AGE ALERT: Weather station data file is 2.87 hours old.
2025-05-13 00:19:45 | PLANT_DATA_AGE | SENT | PLANT DATA AGE ALERT: Plant station data file is 8.03 hours old.
2025-05-13 00:19:48 | WEATHER_DATA_AGE | SENT | WEATHER DATA AGE ALERT: Weather station data file is 3.87 hours old.
2025-05-13 01:19:52 | PLANT_DATA_AGE | SENT | PLANT DATA AGE ALERT: Plant station data file is 9.03 hours old.
2025-05-13 01:19:54 | WEATHER_DATA_AGE | SENT | WEATHER DATA AGE ALERT: Weather station data file is 4.87 hours old.
2025-05-13 08:20:09 | PLANT_DATA_AGE | SENT | PLANT DATA AGE ALERT: Plant station data file is 1.83 hours old.
2025-05-13 08:20:25 | DAILY_SUMMARY | SENT | Daily summary report for 2025-05-13
2025-05-13 09:20:30 | PLANT_DATA_AGE | SENT | PLANT DATA AGE ALERT: Plant station data file is 2.84 hours old.
2025-05-13 10:20:34 | PLANT_DATA_AGE | SENT | PLANT DATA AGE ALERT: Plant station data file is 3.84 hours old.
2025-05-13 11:20:39 | PLANT_DATA_AGE | SENT | PLANT DATA AGE ALERT: Plant station data file is 4.84 hours old.
2025-05-13 12:20:43 | PLANT_DATA_AGE | SENT | PLANT DATA AGE ALERT: Plant station data file is 5.84 hours old.
2025-05-13 12:20:46 | WEATHER_DATA_AGE | SENT | WEATHER DATA AGE ALERT: Weather station data file is 1.73 hours old.
2025-05-13 20:21:18 | DAILY_SUMMARY | SENT | Daily summary report for 2025-05-13
2025-05-14 08:22:00 | DAILY_SUMMARY | SENT | Daily summary report for 2025-05-14
2025-05-14 19:30:14 | PLANT_DATA_AGE | SENT | PLANT DATA AGE ALERT: Plant station data file is 1.48 hours old.
2025-05-14 20:30:35 | DAILY_SUMMARY | SENT | Daily summary report for 2025-05-14
2025-05-15 08:31:14 | DAILY_SUMMARY | SENT | Daily summary report for 2025-05-15
2025-05-15 20:31:57 | DAILY_SUMMARY | SENT | Daily summary report for 2025-05-15
2025-05-16 08:32:41 | DAILY_SUMMARY | SENT | Daily summary report for 2025-05-16
2025-05-16 20:33:26 | DAILY_SUMMARY | SENT | Daily summary report for 2025-05-16
2025-05-17 08:34:09 | DAILY_SUMMARY | SENT | Daily summary report for 2025-05-17
2025-05-17 18:34:32 | PLANT_DATA_AGE | SENT | PLANT DATA AGE ALERT: Plant station data file is 1.27 hours old.
2025-05-17 20:34:59 | DAILY_SUMMARY | SENT | Daily summary report for 2025-05-17
2025-05-18 08:35:44 | DAILY_SUMMARY | SENT | Daily summary report for 2025-05-18
2025-05-18 20:36:26 | DAILY_SUMMARY | SENT | Daily summary report for 2025-05-18
2025-05-19 08:37:06 | DAILY_SUMMARY | SENT | Daily summary report for 2025-05-19
2025-05-19 20:37:44 | DAILY_SUMMARY | SENT | Daily summary report for 2025-05-19
2025-05-20 08:38:27 | DAILY_SUMMARY | SENT | Daily summary report for 2025-05-20
2025-05-20 19:38:53 | PLANT_DATA_AGE | SENT | PLANT DATA AGE ALERT: Plant station data file is 1.37 hours old.
2025-05-20 20:39:01 | PLANT_DATA_AGE | SENT | PLANT DATA AGE ALERT: Plant station data file is 2.37 hours old.
2025-05-20 20:39:53 | DAILY_SUMMARY | SENT | Daily summary report for 2025-05-20
2025-05-20 21:40:01 | PLANT_DATA_AGE | SENT | PLANT DATA AGE ALERT: Plant station data file is 3.38 hours old.
2025-05-20 22:40:09 | PLANT_DATA_AGE | SENT | PLANT DATA AGE ALERT: Plant station data file is 4.39 hours old.
2025-05-20 23:40:17 | PLANT_DATA_AGE | SENT | PLANT DATA AGE ALERT: Plant station data file is 5.39 hours old.
2025-05-21 00:40:22 | PLANT_DATA_AGE | SENT | PLANT DATA AGE ALERT: Plant station data file is 6.39 hours old.
2025-05-21 01:40:28 | PLANT_DATA_AGE | SENT | PLANT DATA AGE ALERT: Plant station data file is 7.39 hours old.
2025-05-21 02:40:34 | PLANT_DATA_AGE | SENT | PLANT DATA AGE ALERT: Plant station data file is 8.39 hours old.
2025-05-21 03:40:39 | PLANT_DATA_AGE | SENT | PLANT DATA AGE ALERT: Plant station data file is 9.40 hours old.
2025-05-21 04:40:44 | PLANT_DATA_AGE | SENT | PLANT DATA AGE ALERT: Plant station data file is 10.40 hours old.
2025-05-21 05:40:49 | PLANT_DATA_AGE | SENT | PLANT DATA AGE ALERT: Plant station data file is 11.40 hours old.
2025-05-21 06:40:54 | PLANT_DATA_AGE | SENT | PLANT DATA AGE ALERT: Plant station data file is 12.40 hours old.
2025-05-21 07:40:59 | PLANT_DATA_AGE | SENT | PLANT DATA AGE ALERT: Plant station data file is 13.40 hours old.
2025-05-21 08:41:03 | PLANT_DATA_AGE | SENT | PLANT DATA AGE ALERT: Plant station data file is 14.40 hours old.
2025-05-21 08:41:47 | DAILY_SUMMARY | SENT | Daily summary report for 2025-05-21
2025-05-21 09:41:56 | PLANT_DATA_AGE | SENT | PLANT DATA AGE ALERT: Plant station data file is 15.42 hours old.
2025-05-21 10:42:01 | PLANT_DATA_AGE | SENT | PLANT DATA AGE ALERT: Plant station data file is 16.42 hours old.
2025-05-21 11:42:05 | PLANT_DATA_AGE | SENT | PLANT DATA AGE ALERT: Plant station data file is 17.42 hours old.
2025-05-21 12:42:10 | PLANT_DATA_AGE | SENT | PLANT DATA AGE ALERT: Plant station data file is 18.42 hours old.
2025-05-21 13:42:15 | PLANT_DATA_AGE | SENT | PLANT DATA AGE ALERT: Plant station data file is 19.42 hours old.
2025-05-21 14:42:20 | PLANT_DATA_AGE | SENT | PLANT DATA AGE ALERT: Plant station data file is 20.42 hours old.
2025-05-21 15:42:26 | PLANT_DATA_AGE | SENT | PLANT DATA AGE ALERT: Plant station data file is 21.43 hours old.
2025-05-21 20:43:07 | DAILY_SUMMARY | SENT | Daily summary report for 2025-05-21
2025-05-22 07:43:32 | PLANT_DATA_AGE | SENT | PLANT DATA AGE ALERT: Plant station data file is 1.04 hours old.
2025-05-22 08:43:38 | PLANT_DATA_AGE | SENT | PLANT DATA AGE ALERT: Plant station data file is 2.04 hours old.
2025-05-22 08:44:30 | DAILY_SUMMARY | SENT | Daily summary report for 2025-05-22
2025-05-22 09:44:34 | PLANT_DATA_AGE | SENT | PLANT DATA AGE ALERT: Plant station data file is 3.06 hours old.
2025-05-22 10:44:39 | PLANT_DATA_AGE | SENT | PLANT DATA AGE ALERT: Plant station data file is 4.06 hours old.
2025-05-22 11:44:44 | PLANT_DATA_AGE | SENT | PLANT DATA AGE ALERT: Plant station data file is 5.06 hours old.
2025-05-22 12:44:48 | PLANT_DATA_AGE | SENT | PLANT DATA AGE ALERT: Plant station data file is 6.06 hours old.
2025-05-22 13:44:52 | PLANT_DATA_AGE | SENT | PLANT DATA AGE ALERT: Plant station data file is 7.06 hours old.
2025-05-22 14:44:58 | PLANT_DATA_AGE | SENT | PLANT DATA AGE ALERT: Plant station data file is 8.06 hours old.
2025-05-23 02:45:57 | DAILY_SUMMARY | SENT | Daily summary report for 2025-05-23
2025-05-23 09:46:13 | HIGH_TEMP | SENT | HIGH TEMPERATURE ALERT: Plant station recorded 40.6°C at 2025-05-23 16:44:34.980232
2025-05-23 22:23:12 | DAILY_SUMMARY | SENT | Daily summary report for 2025-05-23
2025-05-23 23:23:19 | PLANT_DATA_AGE | SENT | PLANT DATA AGE ALERT: Plant station data file is 1.30 hours old.
2025-05-24 00:23:25 | PLANT_DATA_AGE | SENT | PLANT DATA AGE ALERT: Plant station data file is 2.30 hours old.
2025-05-24 01:23:32 | PLANT_DATA_AGE | SENT | PLANT DATA AGE ALERT: Plant station data file is 3.31 hours old.
2025-05-24 02:23:39 | PLANT_DATA_AGE | SENT | PLANT DATA AGE ALERT: Plant station data file is 4.31 hours old.
2025-05-24 03:23:47 | PLANT_DATA_AGE | SENT | PLANT DATA AGE ALERT: Plant station data file is 5.31 hours old.
2025-05-24 04:23:55 | PLANT_DATA_AGE | SENT | PLANT DATA AGE ALERT: Plant station data file is 6.31 hours old.
2025-05-24 05:24:01 | PLANT_DATA_AGE | SENT | PLANT DATA AGE ALERT: Plant station data file is 7.31 hours old.
2025-05-24 06:24:07 | PLANT_DATA_AGE | SENT | PLANT DATA AGE ALERT: Plant station data file is 8.32 hours old.
2025-05-24 07:24:14 | PLANT_DATA_AGE | SENT | PLANT DATA AGE ALERT: Plant station data file is 9.32 hours old.
2025-05-24 08:24:18 | PLANT_DATA_AGE | SENT | PLANT DATA AGE ALERT: Plant station data file is 10.32 hours old.
2025-05-24 09:02:14 | PLANT_DATA_AGE | SENT | PLANT DATA AGE ALERT: Plant station data file is 10.95 hours old.
2025-05-24 10:02:18 | PLANT_DATA_AGE | SENT | PLANT DATA AGE ALERT: Plant station data file is 11.95 hours old.
2025-05-24 17:36:02 | DAILY_SUMMARY | SENT | Daily summary report for 2025-05-24
2025-05-25 09:07:04 | DAILY_SUMMARY | SENT | Daily summary report for 2025-05-25
2025-05-26 03:07:54 | DAILY_SUMMARY | SENT | Daily summary report for 2025-05-26
2025-05-26 13:08:16 | HIGH_TEMP | SENT | HIGH TEMPERATURE ALERT: Plant station recorded 43.9°C at 2025-05-26 19:00:13.909690
2025-05-26 14:08:23 | HIGH_TEMP | SENT | HIGH TEMPERATURE ALERT: Plant station recorded 54.5°C at 2025-05-26 19:39:51.011856
2025-05-26 15:08:28 | HIGH_TEMP | SENT | HIGH TEMPERATURE ALERT: Plant station recorded 54.5°C at 2025-05-26 19:39:51.011856
2025-05-26 15:08:31 | PLANT_DATA_AGE | SENT | PLANT DATA AGE ALERT: Plant station data file is 1.42 hours old.
2025-05-26 16:08:37 | HIGH_TEMP | SENT | HIGH TEMPERATURE ALERT: Plant station recorded 54.5°C at 2025-05-26 19:39:51.011856
2025-05-26 16:08:41 | PLANT_DATA_AGE | SENT | PLANT DATA AGE ALERT: Plant station data file is 2.42 hours old.
2025-05-26 17:08:48 | HIGH_TEMP | SENT | HIGH TEMPERATURE ALERT: Plant station recorded 54.5°C at 2025-05-26 19:39:51.011856
2025-05-26 17:08:53 | PLANT_DATA_AGE | SENT | PLANT DATA AGE ALERT: Plant station data file is 3.43 hours old.
2025-05-26 18:09:00 | HIGH_TEMP | SENT | HIGH TEMPERATURE ALERT: Plant station recorded 54.5°C at 2025-05-26 19:39:51.011856
2025-05-26 18:09:04 | PLANT_DATA_AGE | SENT | PLANT DATA AGE ALERT: Plant station data file is 4.43 hours old.
2025-05-26 19:09:09 | HIGH_TEMP | SENT | HIGH TEMPERATURE ALERT: Plant station recorded 54.5°C at 2025-05-26 19:39:51.011856
2025-05-26 19:09:15 | PLANT_DATA_AGE | SENT | PLANT DATA AGE ALERT: Plant station data file is 5.43 hours old.
2025-05-26 20:09:19 | HIGH_TEMP | SENT | HIGH TEMPERATURE ALERT: Plant station recorded 54.5°C at 2025-05-26 19:39:51.011856
2025-05-26 20:09:23 | PLANT_DATA_AGE | SENT | PLANT DATA AGE ALERT: Plant station data file is 6.43 hours old.
2025-05-26 20:09:49 | DAILY_SUMMARY | SENT | Daily summary report for 2025-05-26
2025-05-26 21:09:56 | HIGH_TEMP | SENT | HIGH TEMPERATURE ALERT: Plant station recorded 54.5°C at 2025-05-26 19:39:51.011856
2025-05-26 21:10:01 | PLANT_DATA_AGE | SENT | PLANT DATA AGE ALERT: Plant station data file is 7.44 hours old.
2025-05-26 22:10:08 | HIGH_TEMP | SENT | HIGH TEMPERATURE ALERT: Plant station recorded 54.5°C at 2025-05-26 19:39:51.011856
2025-05-26 22:10:13 | PLANT_DATA_AGE | SENT | PLANT DATA AGE ALERT: Plant station data file is 8.45 hours old.
2025-05-26 23:10:18 | HIGH_TEMP | SENT | HIGH TEMPERATURE ALERT: Plant station recorded 54.5°C at 2025-05-26 19:39:51.011856
2025-05-26 23:10:23 | PLANT_DATA_AGE | SENT | PLANT DATA AGE ALERT: Plant station data file is 9.45 hours old.
2025-05-27 00:10:28 | HIGH_TEMP | SENT | HIGH TEMPERATURE ALERT: Plant station recorded 54.5°C at 2025-05-26 19:39:51.011856
2025-05-27 00:10:32 | PLANT_DATA_AGE | SENT | PLANT DATA AGE ALERT: Plant station data file is 10.45 hours old.
2025-05-27 01:10:37 | HIGH_TEMP | SENT | HIGH TEMPERATURE ALERT: Plant station recorded 54.5°C at 2025-05-26 19:39:51.011856
2025-05-27 01:10:39 | PLANT_DATA_AGE | SENT | PLANT DATA AGE ALERT: Plant station data file is 11.46 hours old.
2025-05-27 02:10:45 | HIGH_TEMP | SENT | HIGH TEMPERATURE ALERT: Plant station recorded 54.5°C at 2025-05-26 19:39:51.011856
2025-05-27 02:10:47 | PLANT_DATA_AGE | SENT | PLANT DATA AGE ALERT: Plant station data file is 12.46 hours old.
2025-05-27 03:10:51 | HIGH_TEMP | SENT | HIGH TEMPERATURE ALERT: Plant station recorded 54.5°C at 2025-05-26 19:39:51.011856
2025-05-27 03:10:56 | PLANT_DATA_AGE | SENT | PLANT DATA AGE ALERT: Plant station data file is 13.46 hours old.
2025-05-27 04:11:00 | HIGH_TEMP | SENT | HIGH TEMPERATURE ALERT: Plant station recorded 54.5°C at 2025-05-26 19:39:51.011856
2025-05-27 04:11:02 | PLANT_DATA_AGE | SENT | PLANT DATA AGE ALERT: Plant station data file is 14.46 hours old.
2025-05-27 05:11:06 | HIGH_TEMP | SENT | HIGH TEMPERATURE ALERT: Plant station recorded 54.5°C at 2025-05-26 19:39:51.011856
2025-05-27 05:11:08 | PLANT_DATA_AGE | SENT | PLANT DATA AGE ALERT: Plant station data file is 15.46 hours old.
2025-05-27 06:11:13 | HIGH_TEMP | SENT | HIGH TEMPERATURE ALERT: Plant station recorded 54.5°C at 2025-05-26 19:39:51.011856
2025-05-27 06:11:15 | PLANT_DATA_AGE | SENT | PLANT DATA AGE ALERT: Plant station data file is 16.47 hours old.
2025-05-27 07:11:21 | HIGH_TEMP | SENT | HIGH TEMPERATURE ALERT: Plant station recorded 54.5°C at 2025-05-26 19:39:51.011856
2025-05-27 07:11:25 | PLANT_DATA_AGE | SENT | PLANT DATA AGE ALERT: Plant station data file is 17.47 hours old.
2025-05-27 08:11:30 | HIGH_TEMP | SENT | HIGH TEMPERATURE ALERT: Plant station recorded 54.5°C at 2025-05-26 19:39:51.011856
2025-05-27 08:11:33 | PLANT_DATA_AGE | SENT | PLANT DATA AGE ALERT: Plant station data file is 18.47 hours old.
2025-05-27 09:11:37 | HIGH_TEMP | SENT | HIGH TEMPERATURE ALERT: Plant station recorded 54.5°C at 2025-05-26 19:39:51.011856
2025-05-27 09:11:40 | PLANT_DATA_AGE | SENT | PLANT DATA AGE ALERT: Plant station data file is 19.47 hours old.
2025-05-27 10:11:44 | HIGH_TEMP | SENT | HIGH TEMPERATURE ALERT: Plant station recorded 54.5°C at 2025-05-26 19:39:51.011856
2025-05-27 10:11:46 | PLANT_DATA_AGE | SENT | PLANT DATA AGE ALERT: Plant station data file is 20.47 hours old.
2025-05-27 11:11:50 | HIGH_TEMP | SENT | HIGH TEMPERATURE ALERT: Plant station recorded 54.5°C at 2025-05-26 19:39:51.011856
2025-05-27 11:11:55 | PLANT_DATA_AGE | SENT | PLANT DATA AGE ALERT: Plant station data file is 21.48 hours old.
2025-05-27 12:11:59 | HIGH_TEMP | SENT | HIGH TEMPERATURE ALERT: Plant station recorded 54.5°C at 2025-05-26 19:39:51.011856
2025-05-27 12:12:02 | PLANT_DATA_AGE | SENT | PLANT DATA AGE ALERT: Plant station data file is 22.48 hours old.
2025-05-27 13:12:07 | HIGH_TEMP | SENT | HIGH TEMPERATURE ALERT: Plant station recorded 54.5°C at 2025-05-26 19:39:51.011856
2025-05-27 13:12:10 | PLANT_DATA_AGE | SENT | PLANT DATA AGE ALERT: Plant station data file is 23.48 hours old.
2025-05-27 14:12:16 | HIGH_TEMP | SENT | HIGH TEMPERATURE ALERT: Plant station recorded 54.5°C at 2025-05-26 19:39:51.011856
2025-05-27 14:12:20 | PLANT_DATA_AGE | SENT | PLANT DATA AGE ALERT: Plant station data file is 24.48 hours old.
2025-05-27 15:12:25 | HIGH_TEMP | SENT | HIGH TEMPERATURE ALERT: Plant station recorded 54.5°C at 2025-05-26 19:39:51.011856
2025-05-27 15:12:27 | PLANT_DATA_AGE | SENT | PLANT DATA AGE ALERT: Plant station data file is 25.49 hours old.
2025-05-27 16:12:32 | HIGH_TEMP | SENT | HIGH TEMPERATURE ALERT: Plant station recorded 54.5°C at 2025-05-26 19:39:51.011856
2025-05-27 16:12:36 | PLANT_DATA_AGE | SENT | PLANT DATA AGE ALERT: Plant station data file is 26.49 hours old.
2025-05-27 17:12:42 | HIGH_TEMP | SENT | HIGH TEMPERATURE ALERT: Plant station recorded 54.5°C at 2025-05-26 19:39:51.011856
2025-05-27 17:12:47 | PLANT_DATA_AGE | SENT | PLANT DATA AGE ALERT: Plant station data file is 27.49 hours old.
2025-05-27 17:13:09 | DAILY_SUMMARY | SENT | Daily summary report for 2025-05-27
2025-05-27 18:13:15 | HIGH_TEMP | SENT | HIGH TEMPERATURE ALERT: Plant station recorded 54.5°C at 2025-05-26 19:39:51.011856
2025-05-27 18:13:19 | PLANT_DATA_AGE | SENT | PLANT DATA AGE ALERT: Plant station data file is 28.50 hours old.
2025-05-27 19:13:28 | HIGH_TEMP | SENT | HIGH TEMPERATURE ALERT: Plant station recorded 54.5°C at 2025-05-26 19:39:51.011856
2025-05-27 19:13:34 | PLANT_DATA_AGE | SENT | PLANT DATA AGE ALERT: Plant station data file is 29.50 hours old.
2025-05-27 20:13:40 | HIGH_TEMP | SENT | HIGH TEMPERATURE ALERT: Plant station recorded 54.5°C at 2025-05-26 19:39:51.011856
2025-05-27 20:13:43 | PLANT_DATA_AGE | SENT | PLANT DATA AGE ALERT: Plant station data file is 30.51 hours old.
2025-05-27 21:13:50 | HIGH_TEMP | SENT | HIGH TEMPERATURE ALERT: Plant station recorded 54.5°C at 2025-05-26 19:39:51.011856
2025-05-27 21:13:54 | PLANT_DATA_AGE | SENT | PLANT DATA AGE ALERT: Plant station data file is 31.51 hours old.
2025-05-27 22:14:00 | HIGH_TEMP | SENT | HIGH TEMPERATURE ALERT: Plant station recorded 54.5°C at 2025-05-26 19:39:51.011856
2025-05-27 22:14:04 | PLANT_DATA_AGE | SENT | PLANT DATA AGE ALERT: Plant station data file is 32.51 hours old.
2025-05-27 23:14:10 | HIGH_TEMP | SENT | HIGH TEMPERATURE ALERT: Plant station recorded 54.5°C at 2025-05-26 19:39:51.011856
2025-05-27 23:14:13 | PLANT_DATA_AGE | SENT | PLANT DATA AGE ALERT: Plant station data file is 33.51 hours old.
2025-05-28 00:14:19 | HIGH_TEMP | SENT | HIGH TEMPERATURE ALERT: Plant station recorded 54.5°C at 2025-05-26 19:39:51.011856
2025-05-28 00:14:22 | PLANT_DATA_AGE | SENT | PLANT DATA AGE ALERT: Plant station data file is 34.52 hours old.
2025-05-28 01:14:27 | HIGH_TEMP | SENT | HIGH TEMPERATURE ALERT: Plant station recorded 54.5°C at 2025-05-26 19:39:51.011856
2025-05-28 01:14:30 | PLANT_DATA_AGE | SENT | PLANT DATA AGE ALERT: Plant station data file is 35.52 hours old.
2025-05-28 02:14:35 | HIGH_TEMP | SENT | HIGH TEMPERATURE ALERT: Plant station recorded 54.5°C at 2025-05-26 19:39:51.011856
2025-05-28 02:14:37 | PLANT_DATA_AGE | SENT | PLANT DATA AGE ALERT: Plant station data file is 36.52 hours old.
2025-05-28 03:14:41 | HIGH_TEMP | SENT | HIGH TEMPERATURE ALERT: Plant station recorded 54.5°C at 2025-05-26 19:39:51.011856
2025-05-28 03:14:44 | PLANT_DATA_AGE | SENT | PLANT DATA AGE ALERT: Plant station data file is 37.52 hours old.
2025-05-28 04:14:48 | HIGH_TEMP | SENT | HIGH TEMPERATURE ALERT: Plant station recorded 54.5°C at 2025-05-26 19:39:51.011856
2025-05-28 04:14:51 | PLANT_DATA_AGE | SENT | PLANT DATA AGE ALERT: Plant station data file is 38.53 hours old.
2025-05-28 05:14:55 | HIGH_TEMP | SENT | HIGH TEMPERATURE ALERT: Plant station recorded 54.5°C at 2025-05-26 19:39:51.011856
2025-05-28 05:14:59 | PLANT_DATA_AGE | SENT | PLANT DATA AGE ALERT: Plant station data file is 39.53 hours old.
2025-05-28 06:15:04 | HIGH_TEMP | SENT | HIGH TEMPERATURE ALERT: Plant station recorded 54.5°C at 2025-05-26 19:39:51.011856
2025-05-28 06:15:06 | PLANT_DATA_AGE | SENT | PLANT DATA AGE ALERT: Plant station data file is 40.53 hours old.
2025-05-28 07:15:10 | HIGH_TEMP | SENT | HIGH TEMPERATURE ALERT: Plant station recorded 54.5°C at 2025-05-26 19:39:51.011856
2025-05-28 07:15:13 | PLANT_DATA_AGE | SENT | PLANT DATA AGE ALERT: Plant station data file is 41.53 hours old.
2025-05-28 08:15:17 | HIGH_TEMP | SENT | HIGH TEMPERATURE ALERT: Plant station recorded 54.5°C at 2025-05-26 19:39:51.011856
2025-05-28 08:15:19 | PLANT_DATA_AGE | SENT | PLANT DATA AGE ALERT: Plant station data file is 42.53 hours old.
2025-05-28 11:15:28 | PLANT_DATA_AGE | SENT | PLANT DATA AGE ALERT: Plant station data file is 1.64 hours old.
2025-05-28 12:15:32 | PLANT_DATA_AGE | SENT | PLANT DATA AGE ALERT: Plant station data file is 2.64 hours old.
2025-05-28 13:15:40 | PLANT_DATA_AGE | SENT | PLANT DATA AGE ALERT: Plant station data file is 3.64 hours old.
2025-05-28 13:16:16 | DAILY_SUMMARY | SENT | Daily summary report for 2025-05-28
2025-05-28 14:16:21 | PLANT_DATA_AGE | SENT | PLANT DATA AGE ALERT: Plant station data file is 4.66 hours old.
2025-05-28 15:16:27 | PLANT_DATA_AGE | SENT | PLANT DATA AGE ALERT: Plant station data file is 5.66 hours old.
2025-05-28 16:16:31 | PLANT_DATA_AGE | SENT | PLANT DATA AGE ALERT: Plant station data file is 6.66 hours old.
2025-05-28 17:16:38 | PLANT_DATA_AGE | SENT | PLANT DATA AGE ALERT: Plant station data file is 7.66 hours old.
2025-05-28 18:16:43 | PLANT_DATA_AGE | SENT | PLANT DATA AGE ALERT: Plant station data file is 8.66 hours old.
2025-05-28 19:16:52 | PLANT_DATA_AGE | SENT | PLANT DATA AGE ALERT: Plant station data file is 9.66 hours old.
2025-05-28 20:17:20 | PLANT_DATA_AGE | SENT | PLANT DATA AGE ALERT: Plant station data file is 10.67 hours old.
2025-05-28 21:17:27 | PLANT_DATA_AGE | SENT | PLANT DATA AGE ALERT: Plant station data file is 11.67 hours old.
2025-05-28 22:17:34 | PLANT_DATA_AGE | SENT | PLANT DATA AGE ALERT: Plant station data file is 12.67 hours old.
2025-05-28 23:17:40 | PLANT_DATA_AGE | SENT | PLANT DATA AGE ALERT: Plant station data file is 13.68 hours old.
2025-05-29 00:17:45 | PLANT_DATA_AGE | SENT | PLANT DATA AGE ALERT: Plant station data file is 14.68 hours old.
2025-05-29 01:17:51 | PLANT_DATA_AGE | SENT | PLANT DATA AGE ALERT: Plant station data file is 15.68 hours old.
2025-05-29 02:17:56 | PLANT_DATA_AGE | SENT | PLANT DATA AGE ALERT: Plant station data file is 16.68 hours old.
2025-05-29 03:18:01 | PLANT_DATA_AGE | SENT | PLANT DATA AGE ALERT: Plant station data file is 17.68 hours old.
2025-05-29 04:18:07 | PLANT_DATA_AGE | SENT | PLANT DATA AGE ALERT: Plant station data file is 18.68 hours old.
2025-05-29 05:18:14 | PLANT_DATA_AGE | SENT | PLANT DATA AGE ALERT: Plant station data file is 19.69 hours old.
2025-05-29 06:18:18 | PLANT_DATA_AGE | SENT | PLANT DATA AGE ALERT: Plant station data file is 20.69 hours old.
2025-05-29 06:18:39 | DAILY_SUMMARY | SENT | Daily summary report for 2025-05-29
2025-05-29 07:18:43 | PLANT_DATA_AGE | SENT | PLANT DATA AGE ALERT: Plant station data file is 21.70 hours old.
2025-05-29 08:18:48 | PLANT_DATA_AGE | SENT | PLANT DATA AGE ALERT: Plant station data file is 22.70 hours old.
2025-05-29 09:18:53 | PLANT_DATA_AGE | SENT | PLANT DATA AGE ALERT: Plant station data file is 23.70 hours old.
2025-05-29 10:18:59 | PLANT_DATA_AGE | SENT | PLANT DATA AGE ALERT: Plant station data file is 24.70 hours old.
2025-05-29 11:19:04 | PLANT_DATA_AGE | SENT | PLANT DATA AGE ALERT: Plant station data file is 25.70 hours old.
2025-05-29 12:19:08 | PLANT_DATA_AGE | SENT | PLANT DATA AGE ALERT: Plant station data file is 26.70 hours old.
2025-05-29 13:19:12 | PLANT_DATA_AGE | SENT | PLANT DATA AGE ALERT: Plant station data file is 27.70 hours old.
2025-05-29 14:19:17 | PLANT_DATA_AGE | SENT | PLANT DATA AGE ALERT: Plant station data file is 28.70 hours old.
2025-05-29 15:19:21 | PLANT_DATA_AGE | SENT | PLANT DATA AGE ALERT: Plant station data file is 29.71 hours old.
2025-05-29 16:19:26 | PLANT_DATA_AGE | SENT | PLANT DATA AGE ALERT: Plant station data file is 30.71 hours old.
2025-05-29 17:19:33 | PLANT_DATA_AGE | SENT | PLANT DATA AGE ALERT: Plant station data file is 31.71 hours old.
2025-05-29 18:19:39 | PLANT_DATA_AGE | SENT | PLANT DATA AGE ALERT: Plant station data file is 32.71 hours old.
2025-05-29 19:19:46 | PLANT_DATA_AGE | SENT | PLANT DATA AGE ALERT: Plant station data file is 33.71 hours old.
2025-05-29 20:19:52 | PLANT_DATA_AGE | SENT | PLANT DATA AGE ALERT: Plant station data file is 34.71 hours old.
2025-05-29 21:19:58 | PLANT_DATA_AGE | SENT | PLANT DATA AGE ALERT: Plant station data file is 35.72 hours old.
2025-05-29 21:20:16 | DAILY_SUMMARY | SENT | Daily summary report for 2025-05-29
2025-05-29 22:20:22 | PLANT_DATA_AGE | SENT | PLANT DATA AGE ALERT: Plant station data file is 36.72 hours old.
2025-05-29 23:20:30 | PLANT_DATA_AGE | SENT | PLANT DATA AGE ALERT: Plant station data file is 37.72 hours old.
2025-05-30 00:20:49 | PLANT_DATA_AGE | SENT | PLANT DATA AGE ALERT: Plant station data file is 38.73 hours old.
2025-05-30 01:20:54 | PLANT_DATA_AGE | SENT | PLANT DATA AGE ALERT: Plant station data file is 39.73 hours old.
2025-05-30 02:21:01 | PLANT_DATA_AGE | SENT | PLANT DATA AGE ALERT: Plant station data file is 40.73 hours old.
2025-05-30 03:21:05 | PLANT_DATA_AGE | SENT | PLANT DATA AGE ALERT: Plant station data file is 41.73 hours old.
2025-05-30 04:21:10 | PLANT_DATA_AGE | SENT | PLANT DATA AGE ALERT: Plant station data file is 42.74 hours old.
2025-05-30 05:21:16 | PLANT_DATA_AGE | SENT | PLANT DATA AGE ALERT: Plant station data file is 43.74 hours old.
2025-05-30 06:21:20 | PLANT_DATA_AGE | SENT | PLANT DATA AGE ALERT: Plant station data file is 44.74 hours old.
2025-05-30 07:21:26 | PLANT_DATA_AGE | SENT | PLANT DATA AGE ALERT: Plant station data file is 45.74 hours old.
2025-05-30 08:21:30 | PLANT_DATA_AGE | SENT | PLANT DATA AGE ALERT: Plant station data file is 46.74 hours old.
2025-05-30 09:21:34 | PLANT_DATA_AGE | SENT | PLANT DATA AGE ALERT: Plant station data file is 47.74 hours old.
2025-05-30 10:21:39 | PLANT_DATA_AGE | SENT | PLANT DATA AGE ALERT: Plant station data file is 48.74 hours old.
2025-05-30 11:21:44 | PLANT_DATA_AGE | SENT | PLANT DATA AGE ALERT: Plant station data file is 49.75 hours old.
2025-05-30 12:21:49 | PLANT_DATA_AGE | SENT | PLANT DATA AGE ALERT: Plant station data file is 50.75 hours old.
2025-05-30 13:21:54 | PLANT_DATA_AGE | SENT | PLANT DATA AGE ALERT: Plant station data file is 51.75 hours old.
2025-05-30 14:21:58 | PLANT_DATA_AGE | SENT | PLANT DATA AGE ALERT: Plant station data file is 52.75 hours old.
2025-05-30 14:22:20 | DAILY_SUMMARY | SENT | Daily summary report for 2025-05-30
2025-05-30 15:22:24 | PLANT_DATA_AGE | SENT | PLANT DATA AGE ALERT: Plant station data file is 53.76 hours old.
2025-05-30 16:22:29 | PLANT_DATA_AGE | SENT | PLANT DATA AGE ALERT: Plant station data file is 54.76 hours old.
2025-05-30 17:22:35 | PLANT_DATA_AGE | SENT | PLANT DATA AGE ALERT: Plant station data file is 55.76 hours old.
2025-05-31 10:23:08 | HIGH_TEMP | SENT | HIGH TEMPERATURE ALERT: Plant station recorded 44.0°C at 2025-05-31 16:20:46.255034
2025-05-31 11:23:14 | HIGH_TEMP | SENT | HIGH TEMPERATURE ALERT: Plant station recorded 50.5°C at 2025-05-31 17:21:36.714969
2025-05-31 11:23:38 | DAILY_SUMMARY | SENT | Daily summary report for 2025-05-31
2025-05-31 12:23:45 | HIGH_TEMP | SENT | HIGH TEMPERATURE ALERT: Plant station recorded 49.3°C at 2025-05-31 18:17:24.485040
2025-05-31 13:23:52 | HIGH_TEMP | SENT | HIGH TEMPERATURE ALERT: Plant station recorded 45.5°C at 2025-05-31 19:14:52.899334
2025-05-31 14:23:58 | HIGH_TEMP | SENT | HIGH TEMPERATURE ALERT: Plant station recorded 51.7°C at 2025-05-31 20:18:50.049493
2025-05-31 15:24:05 | HIGH_TEMP | SENT | HIGH TEMPERATURE ALERT: Plant station recorded 47.6°C at 2025-05-31 21:08:16.299031
2025-05-31 16:24:11 | HIGH_TEMP | SENT | HIGH TEMPERATURE ALERT: Plant station recorded 43.9°C at 2025-05-31 22:16:45.244284
2025-05-31 17:24:17 | HIGH_TEMP | SENT | HIGH TEMPERATURE ALERT: Plant station recorded 42.5°C at 2025-05-31 23:17:37.499663
2025-05-31 18:24:23 | HIGH_TEMP | SENT | HIGH TEMPERATURE ALERT: Plant station recorded 40.4°C at 2025-06-01 00:10:15.027073
2025-05-31 21:24:33 | PLANT_DATA_AGE | SENT | PLANT DATA AGE ALERT: Plant station data file is 1.20 hours old.
2025-05-31 22:24:40 | PLANT_DATA_AGE | SENT | PLANT DATA AGE ALERT: Plant station data file is 2.20 hours old.
2025-05-31 23:24:46 | PLANT_DATA_AGE | SENT | PLANT DATA AGE ALERT: Plant station data file is 3.20 hours old.
2025-06-01 00:24:52 | PLANT_DATA_AGE | SENT | PLANT DATA AGE ALERT: Plant station data file is 4.20 hours old.
2025-06-01 01:24:59 | PLANT_DATA_AGE | SENT | PLANT DATA AGE ALERT: Plant station data file is 5.21 hours old.
2025-06-01 02:25:07 | PLANT_DATA_AGE | SENT | PLANT DATA AGE ALERT: Plant station data file is 6.21 hours old.
2025-06-01 02:25:29 | DAILY_SUMMARY | SENT | Daily summary report for 2025-06-01
2025-06-01 03:25:36 | PLANT_DATA_AGE | SENT | PLANT DATA AGE ALERT: Plant station data file is 7.22 hours old.
2025-06-01 04:25:43 | PLANT_DATA_AGE | SENT | PLANT DATA AGE ALERT: Plant station data file is 8.22 hours old.
2025-06-01 05:25:49 | PLANT_DATA_AGE | SENT | PLANT DATA AGE ALERT: Plant station data file is 9.22 hours old.
2025-06-01 06:25:56 | PLANT_DATA_AGE | SENT | PLANT DATA AGE ALERT: Plant station data file is 10.22 hours old.
2025-06-01 07:26:02 | PLANT_DATA_AGE | SENT | PLANT DATA AGE ALERT: Plant station data file is 11.22 hours old.
2025-06-01 08:26:08 | PLANT_DATA_AGE | SENT | PLANT DATA AGE ALERT: Plant station data file is 12.23 hours old.
2025-06-01 09:26:15 | PLANT_DATA_AGE | SENT | PLANT DATA AGE ALERT: Plant station data file is 13.23 hours old.
2025-06-01 10:26:21 | PLANT_DATA_AGE | SENT | PLANT DATA AGE ALERT: Plant station data file is 14.23 hours old.
2025-06-01 11:26:28 | PLANT_DATA_AGE | SENT | PLANT DATA AGE ALERT: Plant station data file is 15.23 hours old.
2025-06-01 12:26:37 | PLANT_DATA_AGE | SENT | PLANT DATA AGE ALERT: Plant station data file is 16.23 hours old.
2025-06-01 13:26:45 | PLANT_DATA_AGE | SENT | PLANT DATA AGE ALERT: Plant station data file is 17.24 hours old.
2025-06-01 14:26:51 | PLANT_DATA_AGE | SENT | PLANT DATA AGE ALERT: Plant station data file is 18.24 hours old.
2025-06-01 15:26:57 | PLANT_DATA_AGE | SENT | PLANT DATA AGE ALERT: Plant station data file is 19.24 hours old.
2025-06-01 16:27:03 | PLANT_DATA_AGE | SENT | PLANT DATA AGE ALERT: Plant station data file is 20.24 hours old.
2025-06-01 17:27:11 | PLANT_DATA_AGE | SENT | PLANT DATA AGE ALERT: Plant station data file is 21.24 hours old.
2025-06-01 17:27:37 | DAILY_SUMMARY | SENT | Daily summary report for 2025-06-01
2025-06-01 18:27:43 | PLANT_DATA_AGE | SENT | PLANT DATA AGE ALERT: Plant station data file is 22.25 hours old.
2025-06-01 19:27:50 | PLANT_DATA_AGE | SENT | PLANT DATA AGE ALERT: Plant station data file is 23.25 hours old.
2025-06-01 20:27:59 | PLANT_DATA_AGE | SENT | PLANT DATA AGE ALERT: Plant station data file is 24.26 hours old.
2025-06-02 08:28:23 | PLANT_DATA_AGE | SENT | PLANT DATA AGE ALERT: Plant station data file is 1.55 hours old.
2025-06-02 08:28:56 | DAILY_SUMMARY | SENT | Daily summary report for 2025-06-02
2025-06-02 09:28:59 | PLANT_DATA_AGE | SENT | PLANT DATA AGE ALERT: Plant station data file is 2.56 hours old.
2025-06-02 10:29:04 | PLANT_DATA_AGE | SENT | PLANT DATA AGE ALERT: Plant station data file is 3.56 hours old.
2025-06-02 11:29:08 | PLANT_DATA_AGE | SENT | PLANT DATA AGE ALERT: Plant station data file is 4.56 hours old.
2025-06-02 12:29:15 | PLANT_DATA_AGE | SENT | PLANT DATA AGE ALERT: Plant station data file is 5.56 hours old.
2025-06-02 13:29:20 | PLANT_DATA_AGE | SENT | PLANT DATA AGE ALERT: Plant station data file is 6.57 hours old.
2025-06-02 14:29:24 | PLANT_DATA_AGE | SENT | PLANT DATA AGE ALERT: Plant station data file is 7.57 hours old.
2025-06-02 15:29:29 | PLANT_DATA_AGE | SENT | PLANT DATA AGE ALERT: Plant station data file is 8.57 hours old.
2025-06-02 16:29:33 | PLANT_DATA_AGE | SENT | PLANT DATA AGE ALERT: Plant station data file is 9.57 hours old.
2025-06-02 17:29:40 | PLANT_DATA_AGE | SENT | PLANT DATA AGE ALERT: Plant station data file is 10.57 hours old.
2025-06-02 18:29:45 | PLANT_DATA_AGE | SENT | PLANT DATA AGE ALERT: Plant station data file is 11.57 hours old.
2025-06-02 19:29:51 | PLANT_DATA_AGE | SENT | PLANT DATA AGE ALERT: Plant station data file is 12.58 hours old.
2025-06-02 20:29:57 | PLANT_DATA_AGE | SENT | PLANT DATA AGE ALERT: Plant station data file is 13.58 hours old.
2025-06-02 21:30:04 | PLANT_DATA_AGE | SENT | PLANT DATA AGE ALERT: Plant station data file is 14.58 hours old.
2025-06-02 22:30:11 | PLANT_DATA_AGE | SENT | PLANT DATA AGE ALERT: Plant station data file is 15.58 hours old.
2025-06-02 23:30:19 | PLANT_DATA_AGE | SENT | PLANT DATA AGE ALERT: Plant station data file is 16.58 hours old.
2025-06-03 00:30:25 | PLANT_DATA_AGE | SENT | PLANT DATA AGE ALERT: Plant station data file is 17.58 hours old.
2025-06-03 01:30:30 | PLANT_DATA_AGE | SENT | PLANT DATA AGE ALERT: Plant station data file is 18.59 hours old.
2025-06-03 02:30:35 | PLANT_DATA_AGE | SENT | PLANT DATA AGE ALERT: Plant station data file is 19.59 hours old.
2025-06-03 03:30:40 | PLANT_DATA_AGE | SENT | PLANT DATA AGE ALERT: Plant station data file is 20.59 hours old.
2025-06-03 04:30:44 | PLANT_DATA_AGE | SENT | PLANT DATA AGE ALERT: Plant station data file is 21.59 hours old.
2025-06-03 05:30:50 | PLANT_DATA_AGE | SENT | PLANT DATA AGE ALERT: Plant station data file is 22.59 hours old.
2025-06-03 05:31:08 | DAILY_SUMMARY | SENT | Daily summary report for 2025-06-03
2025-06-03 06:31:14 | PLANT_DATA_AGE | SENT | PLANT DATA AGE ALERT: Plant station data file is 23.60 hours old.
2025-06-03 07:31:18 | PLANT_DATA_AGE | SENT | PLANT DATA AGE ALERT: Plant station data file is 24.60 hours old.
2025-06-03 08:31:23 | PLANT_DATA_AGE | SENT | PLANT DATA AGE ALERT: Plant station data file is 25.60 hours old.
2025-06-03 09:31:28 | PLANT_DATA_AGE | SENT | PLANT DATA AGE ALERT: Plant station data file is 26.60 hours old.
2025-06-03 10:31:32 | PLANT_DATA_AGE | SENT | PLANT DATA AGE ALERT: Plant station data file is 27.60 hours old.
2025-06-03 11:31:37 | PLANT_DATA_AGE | SENT | PLANT DATA AGE ALERT: Plant station data file is 28.60 hours old.
2025-06-03 12:31:41 | PLANT_DATA_AGE | SENT | PLANT DATA AGE ALERT: Plant station data file is 29.61 hours old.
2025-06-03 13:31:47 | PLANT_DATA_AGE | SENT | PLANT DATA AGE ALERT: Plant station data file is 30.61 hours old.
2025-06-03 14:31:51 | PLANT_DATA_AGE | SENT | PLANT DATA AGE ALERT: Plant station data file is 31.61 hours old.
2025-06-03 15:31:56 | PLANT_DATA_AGE | SENT | PLANT DATA AGE ALERT: Plant station data file is 32.61 hours old.
2025-06-03 16:32:00 | PLANT_DATA_AGE | SENT | PLANT DATA AGE ALERT: Plant station data file is 33.61 hours old.
2025-06-03 17:32:07 | PLANT_DATA_AGE | SENT | PLANT DATA AGE ALERT: Plant station data file is 34.61 hours old.
2025-06-03 18:32:11 | PLANT_DATA_AGE | SENT | PLANT DATA AGE ALERT: Plant station data file is 35.61 hours old.
2025-06-03 19:32:18 | PLANT_DATA_AGE | SENT | PLANT DATA AGE ALERT: Plant station data file is 36.62 hours old.
2025-06-03 19:32:38 | DAILY_SUMMARY | SENT | Daily summary report for 2025-06-03
2025-06-03 20:32:43 | PLANT_DATA_AGE | SENT | PLANT DATA AGE ALERT: Plant station data file is 37.62 hours old.
2025-06-03 21:32:48 | PLANT_DATA_AGE | SENT | PLANT DATA AGE ALERT: Plant station data file is 38.62 hours old.
2025-06-03 22:32:55 | PLANT_DATA_AGE | SENT | PLANT DATA AGE ALERT: Plant station data file is 39.63 hours old.
2025-06-03 23:33:01 | PLANT_DATA_AGE | SENT | PLANT DATA AGE ALERT: Plant station data file is 40.63 hours old.
2025-06-04 00:33:07 | PLANT_DATA_AGE | SENT | PLANT DATA AGE ALERT: Plant station data file is 41.63 hours old.
2025-06-04 01:33:13 | PLANT_DATA_AGE | SENT | PLANT DATA AGE ALERT: Plant station data file is 42.63 hours old.
2025-06-04 02:33:18 | PLANT_DATA_AGE | SENT | PLANT DATA AGE ALERT: Plant station data file is 43.63 hours old.
2025-06-04 02:33:23 | WEATHER_DATA_AGE | SENT | WEATHER DATA AGE ALERT: Weather station data file is 1.22 hours old.
2025-06-04 03:33:28 | PLANT_DATA_AGE | SENT | PLANT DATA AGE ALERT: Plant station data file is 44.64 hours old.
2025-06-04 03:33:30 | WEATHER_DATA_AGE | SENT | WEATHER DATA AGE ALERT: Weather station data file is 2.22 hours old.
2025-06-04 04:33:34 | PLANT_DATA_AGE | SENT | PLANT DATA AGE ALERT: Plant station data file is 45.64 hours old.
2025-06-04 04:33:38 | WEATHER_DATA_AGE | SENT | WEATHER DATA AGE ALERT: Weather station data file is 3.22 hours old.
2025-06-04 05:33:45 | PLANT_DATA_AGE | SENT | PLANT DATA AGE ALERT: Plant station data file is 46.64 hours old.
2025-06-04 05:33:47 | WEATHER_DATA_AGE | SENT | WEATHER DATA AGE ALERT: Weather station data file is 4.22 hours old.
2025-06-04 06:33:51 | PLANT_DATA_AGE | SENT | PLANT DATA AGE ALERT: Plant station data file is 47.64 hours old.
2025-06-04 06:33:54 | WEATHER_DATA_AGE | SENT | WEATHER DATA AGE ALERT: Weather station data file is 5.22 hours old.
2025-06-04 07:33:58 | PLANT_DATA_AGE | SENT | PLANT DATA AGE ALERT: Plant station data file is 48.64 hours old.
2025-06-04 07:34:01 | WEATHER_DATA_AGE | SENT | WEATHER DATA AGE ALERT: Weather station data file is 6.23 hours old.
2025-06-04 08:34:05 | PLANT_DATA_AGE | SENT | PLANT DATA AGE ALERT: Plant station data file is 49.65 hours old.
2025-06-04 08:34:08 | WEATHER_DATA_AGE | SENT | WEATHER DATA AGE ALERT: Weather station data file is 7.23 hours old.
2025-06-04 09:34:12 | PLANT_DATA_AGE | SENT | PLANT DATA AGE ALERT: Plant station data file is 50.65 hours old.
2025-06-04 09:34:15 | WEATHER_DATA_AGE | SENT | WEATHER DATA AGE ALERT: Weather station data file is 8.23 hours old.
2025-06-04 10:34:19 | PLANT_DATA_AGE | SENT | PLANT DATA AGE ALERT: Plant station data file is 51.65 hours old.
2025-06-04 10:34:21 | WEATHER_DATA_AGE | SENT | WEATHER DATA AGE ALERT: Weather station data file is 9.23 hours old.
2025-06-04 11:34:27 | PLANT_DATA_AGE | SENT | PLANT DATA AGE ALERT: Plant station data file is 52.65 hours old.
2025-06-04 11:34:31 | WEATHER_DATA_AGE | SENT | WEATHER DATA AGE ALERT: Weather station data file is 10.23 hours old.
2025-06-04 12:34:37 | PLANT_DATA_AGE | SENT | PLANT DATA AGE ALERT: Plant station data file is 53.65 hours old.
2025-06-04 12:34:40 | WEATHER_DATA_AGE | SENT | WEATHER DATA AGE ALERT: Weather station data file is 11.24 hours old.
2025-06-04 13:34:45 | PLANT_DATA_AGE | SENT | PLANT DATA AGE ALERT: Plant station data file is 54.66 hours old.
2025-06-04 13:34:48 | WEATHER_DATA_AGE | SENT | WEATHER DATA AGE ALERT: Weather station data file is 12.24 hours old.
2025-06-04 14:34:52 | PLANT_DATA_AGE | SENT | PLANT DATA AGE ALERT: Plant station data file is 55.66 hours old.
2025-06-04 14:34:56 | WEATHER_DATA_AGE | SENT | WEATHER DATA AGE ALERT: Weather station data file is 13.24 hours old.
2025-06-04 14:35:08 | DAILY_SUMMARY | SENT | Daily summary report for 2025-06-04
2025-06-04 15:35:14 | PLANT_DATA_AGE | SENT | PLANT DATA AGE ALERT: Plant station data file is 56.66 hours old.
2025-06-04 15:35:18 | WEATHER_DATA_AGE | SENT | WEATHER DATA AGE ALERT: Weather station data file is 14.25 hours old.
2025-06-04 16:35:21 | PLANT_DATA_AGE | SENT | PLANT DATA AGE ALERT: Plant station data file is 57.67 hours old.
2025-06-04 16:35:26 | WEATHER_DATA_AGE | SENT | WEATHER DATA AGE ALERT: Weather station data file is 15.25 hours old.
2025-06-04 17:35:32 | PLANT_DATA_AGE | SENT | PLANT DATA AGE ALERT: Plant station data file is 58.67 hours old.
2025-06-04 17:35:34 | WEATHER_DATA_AGE | SENT | WEATHER DATA AGE ALERT: Weather station data file is 16.25 hours old.
2025-06-04 18:35:39 | PLANT_DATA_AGE | SENT | PLANT DATA AGE ALERT: Plant station data file is 59.67 hours old.
2025-06-04 18:35:43 | WEATHER_DATA_AGE | SENT | WEATHER DATA AGE ALERT: Weather station data file is 17.25 hours old.
2025-06-04 19:35:48 | PLANT_DATA_AGE | SENT | PLANT DATA AGE ALERT: Plant station data file is 60.67 hours old.
2025-06-04 19:35:53 | WEATHER_DATA_AGE | SENT | WEATHER DATA AGE ALERT: Weather station data file is 18.26 hours old.
2025-06-04 20:35:58 | PLANT_DATA_AGE | SENT | PLANT DATA AGE ALERT: Plant station data file is 61.68 hours old.
2025-06-04 20:36:03 | WEATHER_DATA_AGE | SENT | WEATHER DATA AGE ALERT: Weather station data file is 19.26 hours old.
2025-06-04 21:36:09 | PLANT_DATA_AGE | SENT | PLANT DATA AGE ALERT: Plant station data file is 62.68 hours old.
2025-06-04 21:36:13 | WEATHER_DATA_AGE | SENT | WEATHER DATA AGE ALERT: Weather station data file is 20.26 hours old.
2025-06-04 22:36:18 | PLANT_DATA_AGE | SENT | PLANT DATA AGE ALERT: Plant station data file is 63.68 hours old.
2025-06-04 22:36:22 | WEATHER_DATA_AGE | SENT | WEATHER DATA AGE ALERT: Weather station data file is 21.27 hours old.
2025-06-04 23:36:28 | PLANT_DATA_AGE | SENT | PLANT DATA AGE ALERT: Plant station data file is 64.69 hours old.
2025-06-04 23:36:32 | WEATHER_DATA_AGE | SENT | WEATHER DATA AGE ALERT: Weather station data file is 22.27 hours old.
2025-06-05 00:36:36 | PLANT_DATA_AGE | SENT | PLANT DATA AGE ALERT: Plant station data file is 65.69 hours old.
2025-06-05 00:36:40 | WEATHER_DATA_AGE | SENT | WEATHER DATA AGE ALERT: Weather station data file is 23.27 hours old.
2025-06-05 01:36:45 | PLANT_DATA_AGE | SENT | PLANT DATA AGE ALERT: Plant station data file is 66.69 hours old.
2025-06-05 01:36:49 | WEATHER_DATA_AGE | SENT | WEATHER DATA AGE ALERT: Weather station data file is 24.27 hours old.
2025-06-05 02:36:54 | PLANT_DATA_AGE | SENT | PLANT DATA AGE ALERT: Plant station data file is 67.69 hours old.
2025-06-05 02:36:58 | WEATHER_DATA_AGE | SENT | WEATHER DATA AGE ALERT: Weather station data file is 25.28 hours old.
2025-06-05 03:37:02 | PLANT_DATA_AGE | SENT | PLANT DATA AGE ALERT: Plant station data file is 68.70 hours old.
2025-06-05 03:37:04 | WEATHER_DATA_AGE | SENT | WEATHER DATA AGE ALERT: Weather station data file is 26.28 hours old.
2025-06-05 04:37:09 | PLANT_DATA_AGE | SENT | PLANT DATA AGE ALERT: Plant station data file is 69.70 hours old.
2025-06-05 04:37:11 | WEATHER_DATA_AGE | SENT | WEATHER DATA AGE ALERT: Weather station data file is 27.28 hours old.
2025-06-05 05:37:16 | PLANT_DATA_AGE | SENT | PLANT DATA AGE ALERT: Plant station data file is 70.70 hours old.
2025-06-05 05:37:20 | WEATHER_DATA_AGE | SENT | WEATHER DATA AGE ALERT: Weather station data file is 28.28 hours old.
2025-06-05 06:37:24 | PLANT_DATA_AGE | SENT | PLANT DATA AGE ALERT: Plant station data file is 71.70 hours old.
2025-06-05 06:37:28 | WEATHER_DATA_AGE | SENT | WEATHER DATA AGE ALERT: Weather station data file is 29.28 hours old.
2025-06-05 07:37:32 | PLANT_DATA_AGE | SENT | PLANT DATA AGE ALERT: Plant station data file is 72.70 hours old.
2025-06-05 07:37:34 | WEATHER_DATA_AGE | SENT | WEATHER DATA AGE ALERT: Weather station data file is 30.29 hours old.
2025-06-05 08:37:38 | PLANT_DATA_AGE | SENT | PLANT DATA AGE ALERT: Plant station data file is 73.71 hours old.
2025-06-05 08:37:42 | WEATHER_DATA_AGE | SENT | WEATHER DATA AGE ALERT: Weather station data file is 31.29 hours old.
2025-06-05 08:37:57 | DAILY_SUMMARY | SENT | Daily summary report for 2025-06-05
2025-06-05 09:38:02 | PLANT_DATA_AGE | SENT | PLANT DATA AGE ALERT: Plant station data file is 74.71 hours old.
2025-06-05 09:38:07 | WEATHER_DATA_AGE | SENT | WEATHER DATA AGE ALERT: Weather station data file is 32.29 hours old.
2025-06-05 10:38:11 | PLANT_DATA_AGE | SENT | PLANT DATA AGE ALERT: Plant station data file is 75.71 hours old.
2025-06-05 10:38:14 | WEATHER_DATA_AGE | SENT | WEATHER DATA AGE ALERT: Weather station data file is 33.30 hours old.
2025-06-05 11:38:19 | PLANT_DATA_AGE | SENT | PLANT DATA AGE ALERT: Plant station data file is 76.72 hours old.
2025-06-05 11:38:22 | WEATHER_DATA_AGE | SENT | WEATHER DATA AGE ALERT: Weather station data file is 34.30 hours old.
2025-06-05 12:38:27 | PLANT_DATA_AGE | SENT | PLANT DATA AGE ALERT: Plant station data file is 77.72 hours old.
2025-06-05 12:38:29 | WEATHER_DATA_AGE | SENT | WEATHER DATA AGE ALERT: Weather station data file is 35.30 hours old.
2025-06-05 13:38:33 | PLANT_DATA_AGE | SENT | PLANT DATA AGE ALERT: Plant station data file is 78.72 hours old.
2025-06-05 13:38:36 | WEATHER_DATA_AGE | SENT | WEATHER DATA AGE ALERT: Weather station data file is 36.30 hours old.
2025-06-05 14:38:40 | PLANT_DATA_AGE | SENT | PLANT DATA AGE ALERT: Plant station data file is 79.72 hours old.
2025-06-05 14:38:42 | WEATHER_DATA_AGE | SENT | WEATHER DATA AGE ALERT: Weather station data file is 37.30 hours old.
2025-06-05 15:38:48 | PLANT_DATA_AGE | SENT | PLANT DATA AGE ALERT: Plant station data file is 80.72 hours old.
2025-06-05 15:38:53 | WEATHER_DATA_AGE | SENT | WEATHER DATA AGE ALERT: Weather station data file is 38.31 hours old.
2025-06-05 16:38:57 | PLANT_DATA_AGE | SENT | PLANT DATA AGE ALERT: Plant station data file is 81.73 hours old.
2025-06-05 16:39:00 | WEATHER_DATA_AGE | SENT | WEATHER DATA AGE ALERT: Weather station data file is 39.31 hours old.
2025-06-05 17:39:07 | PLANT_DATA_AGE | SENT | PLANT DATA AGE ALERT: Plant station data file is 82.73 hours old.
2025-06-05 17:39:12 | WEATHER_DATA_AGE | SENT | WEATHER DATA AGE ALERT: Weather station data file is 40.31 hours old.
2025-06-05 18:39:18 | PLANT_DATA_AGE | SENT | PLANT DATA AGE ALERT: Plant station data file is 83.73 hours old.
2025-06-05 18:39:22 | WEATHER_DATA_AGE | SENT | WEATHER DATA AGE ALERT: Weather station data file is 41.32 hours old.
2025-06-05 19:39:28 | PLANT_DATA_AGE | SENT | PLANT DATA AGE ALERT: Plant station data file is 84.74 hours old.
2025-06-05 19:39:32 | WEATHER_DATA_AGE | SENT | WEATHER DATA AGE ALERT: Weather station data file is 42.32 hours old.
2025-06-05 20:39:37 | PLANT_DATA_AGE | SENT | PLANT DATA AGE ALERT: Plant station data file is 85.74 hours old.
2025-06-05 20:39:41 | WEATHER_DATA_AGE | SENT | WEATHER DATA AGE ALERT: Weather station data file is 43.32 hours old.
2025-06-05 21:39:47 | PLANT_DATA_AGE | SENT | PLANT DATA AGE ALERT: Plant station data file is 86.74 hours old.
2025-06-05 21:39:50 | WEATHER_DATA_AGE | SENT | WEATHER DATA AGE ALERT: Weather station data file is 44.32 hours old.
2025-06-05 22:39:57 | PLANT_DATA_AGE | SENT | PLANT DATA AGE ALERT: Plant station data file is 87.74 hours old.
2025-06-05 22:40:01 | WEATHER_DATA_AGE | SENT | WEATHER DATA AGE ALERT: Weather station data file is 45.33 hours old.
2025-06-05 23:40:07 | PLANT_DATA_AGE | SENT | PLANT DATA AGE ALERT: Plant station data file is 88.75 hours old.
2025-06-05 23:40:12 | WEATHER_DATA_AGE | SENT | WEATHER DATA AGE ALERT: Weather station data file is 46.33 hours old.
2025-06-06 00:40:17 | PLANT_DATA_AGE | SENT | PLANT DATA AGE ALERT: Plant station data file is 89.75 hours old.
2025-06-06 00:40:22 | WEATHER_DATA_AGE | SENT | WEATHER DATA AGE ALERT: Weather station data file is 47.33 hours old.
2025-06-06 01:40:29 | PLANT_DATA_AGE | SENT | PLANT DATA AGE ALERT: Plant station data file is 90.75 hours old.
2025-06-06 01:40:33 | WEATHER_DATA_AGE | SENT | WEATHER DATA AGE ALERT: Weather station data file is 48.33 hours old.
2025-06-06 02:40:38 | PLANT_DATA_AGE | SENT | PLANT DATA AGE ALERT: Plant station data file is 91.76 hours old.
2025-06-06 02:40:40 | WEATHER_DATA_AGE | SENT | WEATHER DATA AGE ALERT: Weather station data file is 49.34 hours old.
2025-06-06 03:40:48 | PLANT_DATA_AGE | SENT | PLANT DATA AGE ALERT: Plant station data file is 92.76 hours old.
2025-06-06 03:40:52 | WEATHER_DATA_AGE | SENT | WEATHER DATA AGE ALERT: Weather station data file is 50.34 hours old.
2025-06-06 04:40:56 | PLANT_DATA_AGE | SENT | PLANT DATA AGE ALERT: Plant station data file is 93.76 hours old.
2025-06-06 04:40:59 | WEATHER_DATA_AGE | SENT | WEATHER DATA AGE ALERT: Weather station data file is 51.34 hours old.
2025-06-06 05:41:03 | PLANT_DATA_AGE | SENT | PLANT DATA AGE ALERT: Plant station data file is 94.76 hours old.
2025-06-06 05:41:07 | WEATHER_DATA_AGE | SENT | WEATHER DATA AGE ALERT: Weather station data file is 52.34 hours old.
2025-06-06 05:41:23 | DAILY_SUMMARY | SENT | Daily summary report for 2025-06-06
2025-06-06 06:41:28 | PLANT_DATA_AGE | SENT | PLANT DATA AGE ALERT: Plant station data file is 95.77 hours old.
2025-06-06 06:41:31 | WEATHER_DATA_AGE | SENT | WEATHER DATA AGE ALERT: Weather station data file is 53.35 hours old.
2025-06-06 07:41:35 | PLANT_DATA_AGE | SENT | PLANT DATA AGE ALERT: Plant station data file is 96.77 hours old.
2025-06-06 07:41:38 | WEATHER_DATA_AGE | SENT | WEATHER DATA AGE ALERT: Weather station data file is 54.35 hours old.
2025-06-06 08:41:43 | PLANT_DATA_AGE | SENT | PLANT DATA AGE ALERT: Plant station data file is 97.77 hours old.
2025-06-06 08:41:45 | WEATHER_DATA_AGE | SENT | WEATHER DATA AGE ALERT: Weather station data file is 55.36 hours old.
2025-06-06 09:41:49 | PLANT_DATA_AGE | SENT | PLANT DATA AGE ALERT: Plant station data file is 98.77 hours old.
2025-06-06 09:41:51 | WEATHER_DATA_AGE | SENT | WEATHER DATA AGE ALERT: Weather station data file is 56.36 hours old.
2025-06-06 10:41:57 | PLANT_DATA_AGE | SENT | PLANT DATA AGE ALERT: Plant station data file is 99.78 hours old.
2025-06-06 10:42:03 | WEATHER_DATA_AGE | SENT | WEATHER DATA AGE ALERT: Weather station data file is 57.36 hours old.
2025-06-06 11:42:09 | PLANT_DATA_AGE | SENT | PLANT DATA AGE ALERT: Plant station data file is 100.78 hours old.
2025-06-06 11:42:12 | WEATHER_DATA_AGE | SENT | WEATHER DATA AGE ALERT: Weather station data file is 58.36 hours old.
2025-06-06 12:42:17 | PLANT_DATA_AGE | SENT | PLANT DATA AGE ALERT: Plant station data file is 101.78 hours old.
2025-06-06 12:42:19 | WEATHER_DATA_AGE | SENT | WEATHER DATA AGE ALERT: Weather station data file is 59.36 hours old.
2025-06-06 13:42:24 | PLANT_DATA_AGE | SENT | PLANT DATA AGE ALERT: Plant station data file is 102.78 hours old.
2025-06-06 13:42:27 | WEATHER_DATA_AGE | SENT | WEATHER DATA AGE ALERT: Weather station data file is 60.37 hours old.
2025-06-06 14:42:32 | PLANT_DATA_AGE | SENT | PLANT DATA AGE ALERT: Plant station data file is 103.79 hours old.
2025-06-06 14:42:36 | WEATHER_DATA_AGE | SENT | WEATHER DATA AGE ALERT: Weather station data file is 61.37 hours old.
2025-06-06 15:42:55 | PLANT_DATA_AGE | SENT | PLANT DATA AGE ALERT: Plant station data file is 104.79 hours old.
2025-06-06 15:43:03 | WEATHER_DATA_AGE | SENT | WEATHER DATA AGE ALERT: Weather station data file is 62.38 hours old.
2025-06-06 16:43:10 | PLANT_DATA_AGE | SENT | PLANT DATA AGE ALERT: Plant station data file is 105.80 hours old.
2025-06-06 16:43:14 | WEATHER_DATA_AGE | SENT | WEATHER DATA AGE ALERT: Weather station data file is 63.38 hours old.
2025-06-06 17:43:21 | PLANT_DATA_AGE | SENT | PLANT DATA AGE ALERT: Plant station data file is 106.80 hours old.
2025-06-06 17:43:24 | WEATHER_DATA_AGE | SENT | WEATHER DATA AGE ALERT: Weather station data file is 64.38 hours old.
2025-06-06 18:43:31 | PLANT_DATA_AGE | SENT | PLANT DATA AGE ALERT: Plant station data file is 107.80 hours old.
2025-06-06 18:43:37 | WEATHER_DATA_AGE | SENT | WEATHER DATA AGE ALERT: Weather station data file is 65.39 hours old.
2025-06-06 19:43:42 | PLANT_DATA_AGE | SENT | PLANT DATA AGE ALERT: Plant station data file is 108.81 hours old.
2025-06-06 19:43:48 | WEATHER_DATA_AGE | SENT | WEATHER DATA AGE ALERT: Weather station data file is 66.39 hours old.
2025-06-06 20:44:02 | PLANT_DATA_AGE | SENT | PLANT DATA AGE ALERT: Plant station data file is 109.81 hours old.
2025-06-06 20:44:15 | WEATHER_DATA_AGE | SENT | WEATHER DATA AGE ALERT: Weather station data file is 67.39 hours old.
2025-06-06 21:44:22 | PLANT_DATA_AGE | SENT | PLANT DATA AGE ALERT: Plant station data file is 110.82 hours old.
2025-06-06 21:44:25 | WEATHER_DATA_AGE | SENT | WEATHER DATA AGE ALERT: Weather station data file is 68.40 hours old.
2025-06-06 22:44:32 | PLANT_DATA_AGE | SENT | PLANT DATA AGE ALERT: Plant station data file is 111.82 hours old.
2025-06-06 22:44:37 | WEATHER_DATA_AGE | SENT | WEATHER DATA AGE ALERT: Weather station data file is 69.40 hours old.
2025-06-06 23:44:42 | PLANT_DATA_AGE | SENT | PLANT DATA AGE ALERT: Plant station data file is 112.82 hours old.
2025-06-06 23:44:45 | WEATHER_DATA_AGE | SENT | WEATHER DATA AGE ALERT: Weather station data file is 70.41 hours old.
2025-06-07 00:44:54 | PLANT_DATA_AGE | SENT | PLANT DATA AGE ALERT: Plant station data file is 113.83 hours old.
2025-06-07 00:45:01 | WEATHER_DATA_AGE | SENT | WEATHER DATA AGE ALERT: Weather station data file is 71.41 hours old.
2025-06-07 01:45:08 | PLANT_DATA_AGE | SENT | PLANT DATA AGE ALERT: Plant station data file is 114.83 hours old.
2025-06-07 01:45:13 | WEATHER_DATA_AGE | SENT | WEATHER DATA AGE ALERT: Weather station data file is 72.41 hours old.
2025-06-07 01:45:32 | DAILY_SUMMARY | SENT | Daily summary report for 2025-06-07
2025-06-07 02:45:38 | PLANT_DATA_AGE | SENT | PLANT DATA AGE ALERT: Plant station data file is 115.84 hours old.
2025-06-07 02:45:42 | WEATHER_DATA_AGE | SENT | WEATHER DATA AGE ALERT: Weather station data file is 73.42 hours old.
2025-06-07 03:45:50 | PLANT_DATA_AGE | SENT | PLANT DATA AGE ALERT: Plant station data file is 116.84 hours old.
2025-06-07 03:45:55 | WEATHER_DATA_AGE | SENT | WEATHER DATA AGE ALERT: Weather station data file is 74.42 hours old.
2025-06-07 04:46:01 | PLANT_DATA_AGE | SENT | PLANT DATA AGE ALERT: Plant station data file is 117.84 hours old.
2025-06-07 04:46:06 | WEATHER_DATA_AGE | SENT | WEATHER DATA AGE ALERT: Weather station data file is 75.43 hours old.
2025-06-07 05:46:13 | PLANT_DATA_AGE | SENT | PLANT DATA AGE ALERT: Plant station data file is 118.85 hours old.
2025-06-07 05:46:16 | WEATHER_DATA_AGE | SENT | WEATHER DATA AGE ALERT: Weather station data file is 76.43 hours old.
2025-06-07 06:46:22 | PLANT_DATA_AGE | SENT | PLANT DATA AGE ALERT: Plant station data file is 119.85 hours old.
2025-06-07 06:46:26 | WEATHER_DATA_AGE | SENT | WEATHER DATA AGE ALERT: Weather station data file is 77.43 hours old.
2025-06-07 07:46:32 | PLANT_DATA_AGE | SENT | PLANT DATA AGE ALERT: Plant station data file is 120.85 hours old.
2025-06-07 07:46:37 | WEATHER_DATA_AGE | SENT | WEATHER DATA AGE ALERT: Weather station data file is 78.44 hours old.
2025-06-07 08:46:41 | PLANT_DATA_AGE | SENT | PLANT DATA AGE ALERT: Plant station data file is 121.86 hours old.
2025-06-07 08:46:45 | WEATHER_DATA_AGE | SENT | WEATHER DATA AGE ALERT: Weather station data file is 79.44 hours old.
2025-06-07 09:46:52 | PLANT_DATA_AGE | SENT | PLANT DATA AGE ALERT: Plant station data file is 122.86 hours old.
2025-06-07 09:46:55 | WEATHER_DATA_AGE | SENT | WEATHER DATA AGE ALERT: Weather station data file is 80.44 hours old.
2025-06-07 10:47:03 | PLANT_DATA_AGE | SENT | PLANT DATA AGE ALERT: Plant station data file is 123.86 hours old.
2025-06-07 10:47:07 | WEATHER_DATA_AGE | SENT | WEATHER DATA AGE ALERT: Weather station data file is 81.44 hours old.
2025-06-07 11:47:44 | PLANT_DATA_AGE | SENT | PLANT DATA AGE ALERT: Plant station data file is 124.86 hours old.
2025-06-07 11:48:10 | WEATHER_DATA_AGE | SENT | WEATHER DATA AGE ALERT: Weather station data file is 82.46 hours old.
2025-06-07 12:48:15 | PLANT_DATA_AGE | SENT | PLANT DATA AGE ALERT: Plant station data file is 125.88 hours old.
2025-06-07 12:48:20 | WEATHER_DATA_AGE | SENT | WEATHER DATA AGE ALERT: Weather station data file is 83.46 hours old.
2025-06-07 13:48:26 | PLANT_DATA_AGE | SENT | PLANT DATA AGE ALERT: Plant station data file is 126.88 hours old.
2025-06-07 13:48:32 | WEATHER_DATA_AGE | SENT | WEATHER DATA AGE ALERT: Weather station data file is 84.47 hours old.
2025-06-07 14:48:37 | PLANT_DATA_AGE | SENT | PLANT DATA AGE ALERT: Plant station data file is 127.89 hours old.
2025-06-07 14:48:41 | WEATHER_DATA_AGE | SENT | WEATHER DATA AGE ALERT: Weather station data file is 85.47 hours old.
2025-06-07 15:48:48 | PLANT_DATA_AGE | SENT | PLANT DATA AGE ALERT: Plant station data file is 128.89 hours old.
2025-06-07 15:48:53 | WEATHER_DATA_AGE | SENT | WEATHER DATA AGE ALERT: Weather station data file is 86.47 hours old.
2025-06-07 16:48:59 | PLANT_DATA_AGE | SENT | PLANT DATA AGE ALERT: Plant station data file is 129.89 hours old.
2025-06-07 16:49:04 | WEATHER_DATA_AGE | SENT | WEATHER DATA AGE ALERT: Weather station data file is 87.48 hours old.
2025-06-07 17:49:09 | PLANT_DATA_AGE | SENT | PLANT DATA AGE ALERT: Plant station data file is 130.90 hours old.
2025-06-07 17:49:15 | WEATHER_DATA_AGE | SENT | WEATHER DATA AGE ALERT: Weather station data file is 88.48 hours old.
2025-06-07 17:49:32 | DAILY_SUMMARY | SENT | Daily summary report for 2025-06-07
2025-06-07 18:49:40 | PLANT_DATA_AGE | SENT | PLANT DATA AGE ALERT: Plant station data file is 131.90 hours old.
2025-06-07 18:49:44 | WEATHER_DATA_AGE | SENT | WEATHER DATA AGE ALERT: Weather station data file is 89.49 hours old.
2025-06-07 19:49:51 | PLANT_DATA_AGE | SENT | PLANT DATA AGE ALERT: Plant station data file is 132.91 hours old.
2025-06-07 19:49:57 | WEATHER_DATA_AGE | SENT | WEATHER DATA AGE ALERT: Weather station data file is 90.49 hours old.
2025-06-07 20:50:03 | PLANT_DATA_AGE | SENT | PLANT DATA AGE ALERT: Plant station data file is 133.91 hours old.
2025-06-07 20:50:07 | WEATHER_DATA_AGE | SENT | WEATHER DATA AGE ALERT: Weather station data file is 91.49 hours old.
2025-06-07 21:50:13 | PLANT_DATA_AGE | SENT | PLANT DATA AGE ALERT: Plant station data file is 134.91 hours old.
2025-06-07 21:50:17 | WEATHER_DATA_AGE | SENT | WEATHER DATA AGE ALERT: Weather station data file is 92.50 hours old.
2025-06-07 22:50:25 | PLANT_DATA_AGE | SENT | PLANT DATA AGE ALERT: Plant station data file is 135.92 hours old.
2025-06-07 22:50:30 | WEATHER_DATA_AGE | SENT | WEATHER DATA AGE ALERT: Weather station data file is 93.50 hours old.
2025-06-07 23:50:37 | PLANT_DATA_AGE | SENT | PLANT DATA AGE ALERT: Plant station data file is 136.92 hours old.
2025-06-07 23:50:41 | WEATHER_DATA_AGE | SENT | WEATHER DATA AGE ALERT: Weather station data file is 94.50 hours old.
2025-06-08 00:51:12 | PLANT_DATA_AGE | SENT | PLANT DATA AGE ALERT: Plant station data file is 137.92 hours old.
2025-06-08 00:51:41 | WEATHER_DATA_AGE | SENT | WEATHER DATA AGE ALERT: Weather station data file is 95.51 hours old.
2025-06-08 01:51:48 | PLANT_DATA_AGE | SENT | PLANT DATA AGE ALERT: Plant station data file is 138.94 hours old.
2025-06-08 01:51:52 | WEATHER_DATA_AGE | SENT | WEATHER DATA AGE ALERT: Weather station data file is 96.52 hours old.
2025-06-08 02:51:58 | PLANT_DATA_AGE | SENT | PLANT DATA AGE ALERT: Plant station data file is 139.94 hours old.
2025-06-08 02:52:03 | WEATHER_DATA_AGE | SENT | WEATHER DATA AGE ALERT: Weather station data file is 97.53 hours old.
2025-06-08 03:52:08 | PLANT_DATA_AGE | SENT | PLANT DATA AGE ALERT: Plant station data file is 140.95 hours old.
2025-06-08 03:52:13 | WEATHER_DATA_AGE | SENT | WEATHER DATA AGE ALERT: Weather station data file is 98.53 hours old.
2025-06-08 04:52:20 | PLANT_DATA_AGE | SENT | PLANT DATA AGE ALERT: Plant station data file is 141.95 hours old.
2025-06-08 04:52:24 | WEATHER_DATA_AGE | SENT | WEATHER DATA AGE ALERT: Weather station data file is 99.53 hours old.
2025-06-08 05:52:31 | PLANT_DATA_AGE | SENT | PLANT DATA AGE ALERT: Plant station data file is 142.95 hours old.
2025-06-08 05:52:35 | WEATHER_DATA_AGE | SENT | WEATHER DATA AGE ALERT: Weather station data file is 100.54 hours old.
2025-06-08 06:52:42 | PLANT_DATA_AGE | SENT | PLANT DATA AGE ALERT: Plant station data file is 143.96 hours old.
2025-06-08 06:52:48 | WEATHER_DATA_AGE | SENT | WEATHER DATA AGE ALERT: Weather station data file is 101.54 hours old.
2025-06-08 07:52:55 | PLANT_DATA_AGE | SENT | PLANT DATA AGE ALERT: Plant station data file is 144.96 hours old.
2025-06-08 07:53:00 | WEATHER_DATA_AGE | SENT | WEATHER DATA AGE ALERT: Weather station data file is 102.54 hours old.
2025-06-08 08:53:07 | PLANT_DATA_AGE | SENT | PLANT DATA AGE ALERT: Plant station data file is 145.96 hours old.
2025-06-08 08:53:10 | WEATHER_DATA_AGE | SENT | WEATHER DATA AGE ALERT: Weather station data file is 103.55 hours old.
2025-06-08 08:53:23 | DAILY_SUMMARY | SENT | Daily summary report for 2025-06-08
2025-06-08 09:53:30 | PLANT_DATA_AGE | SENT | PLANT DATA AGE ALERT: Plant station data file is 146.97 hours old.
2025-06-08 09:53:34 | WEATHER_DATA_AGE | SENT | WEATHER DATA AGE ALERT: Weather station data file is 104.55 hours old.
2025-06-08 10:53:40 | PLANT_DATA_AGE | SENT | PLANT DATA AGE ALERT: Plant station data file is 147.97 hours old.
2025-06-08 10:53:43 | WEATHER_DATA_AGE | SENT | WEATHER DATA AGE ALERT: Weather station data file is 105.55 hours old.
2025-06-08 11:53:51 | PLANT_DATA_AGE | SENT | PLANT DATA AGE ALERT: Plant station data file is 148.97 hours old.
2025-06-08 11:53:54 | WEATHER_DATA_AGE | SENT | WEATHER DATA AGE ALERT: Weather station data file is 106.56 hours old.
2025-06-08 12:54:02 | PLANT_DATA_AGE | SENT | PLANT DATA AGE ALERT: Plant station data file is 149.98 hours old.
2025-06-08 12:54:05 | WEATHER_DATA_AGE | SENT | WEATHER DATA AGE ALERT: Weather station data file is 107.56 hours old.
2025-06-08 13:54:12 | PLANT_DATA_AGE | SENT | PLANT DATA AGE ALERT: Plant station data file is 150.98 hours old.
2025-06-08 13:54:17 | WEATHER_DATA_AGE | SENT | WEATHER DATA AGE ALERT: Weather station data file is 108.56 hours old.
2025-06-08 14:54:22 | PLANT_DATA_AGE | SENT | PLANT DATA AGE ALERT: Plant station data file is 151.98 hours old.
2025-06-08 14:54:28 | WEATHER_DATA_AGE | SENT | WEATHER DATA AGE ALERT: Weather station data file is 109.57 hours old.
2025-06-08 15:54:35 | PLANT_DATA_AGE | SENT | PLANT DATA AGE ALERT: Plant station data file is 152.99 hours old.
2025-06-08 15:54:38 | WEATHER_DATA_AGE | SENT | WEATHER DATA AGE ALERT: Weather station data file is 110.57 hours old.
2025-06-08 16:54:44 | PLANT_DATA_AGE | SENT | PLANT DATA AGE ALERT: Plant station data file is 153.99 hours old.
2025-06-08 16:54:49 | WEATHER_DATA_AGE | SENT | WEATHER DATA AGE ALERT: Weather station data file is 111.57 hours old.
2025-06-08 17:54:54 | PLANT_DATA_AGE | SENT | PLANT DATA AGE ALERT: Plant station data file is 154.99 hours old.
2025-06-08 17:54:59 | WEATHER_DATA_AGE | SENT | WEATHER DATA AGE ALERT: Weather station data file is 112.58 hours old.
2025-06-08 18:55:06 | PLANT_DATA_AGE | SENT | PLANT DATA AGE ALERT: Plant station data file is 156.00 hours old.
2025-06-08 18:55:11 | WEATHER_DATA_AGE | SENT | WEATHER DATA AGE ALERT: Weather station data file is 113.58 hours old.
2025-06-08 19:55:18 | PLANT_DATA_AGE | SENT | PLANT DATA AGE ALERT: Plant station data file is 157.00 hours old.
2025-06-08 19:55:24 | WEATHER_DATA_AGE | SENT | WEATHER DATA AGE ALERT: Weather station data file is 114.58 hours old.
2025-06-08 20:55:28 | PLANT_DATA_AGE | SENT | PLANT DATA AGE ALERT: Plant station data file is 158.00 hours old.
2025-06-08 20:55:31 | WEATHER_DATA_AGE | SENT | WEATHER DATA AGE ALERT: Weather station data file is 115.58 hours old.
2025-06-08 21:55:38 | PLANT_DATA_AGE | SENT | PLANT DATA AGE ALERT: Plant station data file is 159.00 hours old.
2025-06-08 21:55:42 | WEATHER_DATA_AGE | SENT | WEATHER DATA AGE ALERT: Weather station data file is 116.59 hours old.
2025-06-08 22:55:49 | PLANT_DATA_AGE | SENT | PLANT DATA AGE ALERT: Plant station data file is 160.01 hours old.
2025-06-08 22:55:54 | WEATHER_DATA_AGE | SENT | WEATHER DATA AGE ALERT: Weather station data file is 117.59 hours old.
2025-06-08 23:56:00 | PLANT_DATA_AGE | SENT | PLANT DATA AGE ALERT: Plant station data file is 161.01 hours old.
2025-06-08 23:56:04 | WEATHER_DATA_AGE | SENT | WEATHER DATA AGE ALERT: Weather station data file is 118.59 hours old.
2025-06-09 00:56:11 | PLANT_DATA_AGE | SENT | PLANT DATA AGE ALERT: Plant station data file is 162.01 hours old.
2025-06-09 00:56:14 | WEATHER_DATA_AGE | SENT | WEATHER DATA AGE ALERT: Weather station data file is 119.60 hours old.
2025-06-09 01:56:20 | PLANT_DATA_AGE | SENT | PLANT DATA AGE ALERT: Plant station data file is 163.02 hours old.
2025-06-09 01:56:26 | WEATHER_DATA_AGE | SENT | WEATHER DATA AGE ALERT: Weather station data file is 120.60 hours old.
2025-06-09 01:56:44 | DAILY_SUMMARY | SENT | Daily summary report for 2025-06-09
2025-06-09 02:56:50 | PLANT_DATA_AGE | SENT | PLANT DATA AGE ALERT: Plant station data file is 164.02 hours old.
2025-06-09 02:56:52 | WEATHER_DATA_AGE | SENT | WEATHER DATA AGE ALERT: Weather station data file is 121.61 hours old.
2025-06-09 03:56:58 | PLANT_DATA_AGE | SENT | PLANT DATA AGE ALERT: Plant station data file is 165.03 hours old.
2025-06-09 03:57:03 | WEATHER_DATA_AGE | SENT | WEATHER DATA AGE ALERT: Weather station data file is 122.61 hours old.
2025-06-09 04:57:09 | PLANT_DATA_AGE | SENT | PLANT DATA AGE ALERT: Plant station data file is 166.03 hours old.
2025-06-09 04:57:13 | WEATHER_DATA_AGE | SENT | WEATHER DATA AGE ALERT: Weather station data file is 123.61 hours old.
2025-06-09 05:57:17 | PLANT_DATA_AGE | SENT | PLANT DATA AGE ALERT: Plant station data file is 167.03 hours old.
2025-06-09 05:57:21 | WEATHER_DATA_AGE | SENT | WEATHER DATA AGE ALERT: Weather station data file is 124.62 hours old.
2025-06-09 06:57:25 | PLANT_DATA_AGE | SENT | PLANT DATA AGE ALERT: Plant station data file is 168.03 hours old.
2025-06-09 06:57:29 | WEATHER_DATA_AGE | SENT | WEATHER DATA AGE ALERT: Weather station data file is 125.62 hours old.
2025-06-09 07:57:34 | PLANT_DATA_AGE | SENT | PLANT DATA AGE ALERT: Plant station data file is 169.04 hours old.
2025-06-09 07:57:37 | WEATHER_DATA_AGE | SENT | WEATHER DATA AGE ALERT: Weather station data file is 126.62 hours old.
2025-06-09 08:57:42 | PLANT_DATA_AGE | SENT | PLANT DATA AGE ALERT: Plant station data file is 170.04 hours old.
2025-06-09 08:57:44 | WEATHER_DATA_AGE | SENT | WEATHER DATA AGE ALERT: Weather station data file is 127.62 hours old.
2025-06-09 09:57:48 | PLANT_DATA_AGE | SENT | PLANT DATA AGE ALERT: Plant station data file is 171.04 hours old.
2025-06-09 09:57:51 | WEATHER_DATA_AGE | SENT | WEATHER DATA AGE ALERT: Weather station data file is 128.62 hours old.
2025-06-09 10:57:55 | PLANT_DATA_AGE | SENT | PLANT DATA AGE ALERT: Plant station data file is 172.04 hours old.
2025-06-09 10:57:57 | WEATHER_DATA_AGE | SENT | WEATHER DATA AGE ALERT: Weather station data file is 129.63 hours old.
2025-06-09 11:58:01 | PLANT_DATA_AGE | SENT | PLANT DATA AGE ALERT: Plant station data file is 173.04 hours old.
2025-06-09 11:58:05 | WEATHER_DATA_AGE | SENT | WEATHER DATA AGE ALERT: Weather station data file is 130.63 hours old.
2025-06-09 12:58:10 | PLANT_DATA_AGE | SENT | PLANT DATA AGE ALERT: Plant station data file is 174.05 hours old.
2025-06-09 12:58:16 | WEATHER_DATA_AGE | SENT | WEATHER DATA AGE ALERT: Weather station data file is 131.63 hours old.
2025-06-09 13:58:21 | PLANT_DATA_AGE | SENT | PLANT DATA AGE ALERT: Plant station data file is 175.05 hours old.
2025-06-09 13:58:23 | WEATHER_DATA_AGE | SENT | WEATHER DATA AGE ALERT: Weather station data file is 132.63 hours old.
2025-06-09 14:58:28 | PLANT_DATA_AGE | SENT | PLANT DATA AGE ALERT: Plant station data file is 176.05 hours old.
2025-06-09 14:58:30 | WEATHER_DATA_AGE | SENT | WEATHER DATA AGE ALERT: Weather station data file is 133.63 hours old.
2025-06-09 15:58:36 | PLANT_DATA_AGE | SENT | PLANT DATA AGE ALERT: Plant station data file is 177.05 hours old.
2025-06-09 15:58:40 | WEATHER_DATA_AGE | SENT | WEATHER DATA AGE ALERT: Weather station data file is 134.64 hours old.
2025-06-09 16:58:45 | PLANT_DATA_AGE | SENT | PLANT DATA AGE ALERT: Plant station data file is 178.06 hours old.
2025-06-09 16:58:49 | WEATHER_DATA_AGE | SENT | WEATHER DATA AGE ALERT: Weather station data file is 135.64 hours old.
2025-06-09 17:58:55 | PLANT_DATA_AGE | SENT | PLANT DATA AGE ALERT: Plant station data file is 179.06 hours old.
2025-06-09 17:59:00 | WEATHER_DATA_AGE | SENT | WEATHER DATA AGE ALERT: Weather station data file is 136.64 hours old.
2025-06-09 17:59:15 | DAILY_SUMMARY | SENT | Daily summary report for 2025-06-09
2025-06-09 18:59:21 | PLANT_DATA_AGE | SENT | PLANT DATA AGE ALERT: Plant station data file is 180.07 hours old.
2025-06-09 18:59:25 | WEATHER_DATA_AGE | SENT | WEATHER DATA AGE ALERT: Weather station data file is 137.65 hours old.
2025-06-09 19:59:30 | PLANT_DATA_AGE | SENT | PLANT DATA AGE ALERT: Plant station data file is 181.07 hours old.
2025-06-09 19:59:35 | WEATHER_DATA_AGE | SENT | WEATHER DATA AGE ALERT: Weather station data file is 138.65 hours old.
2025-06-09 20:59:41 | PLANT_DATA_AGE | SENT | PLANT DATA AGE ALERT: Plant station data file is 182.07 hours old.
2025-06-09 20:59:45 | WEATHER_DATA_AGE | SENT | WEATHER DATA AGE ALERT: Weather station data file is 139.66 hours old.
2025-06-09 21:59:52 | PLANT_DATA_AGE | SENT | PLANT DATA AGE ALERT: Plant station data file is 183.08 hours old.
2025-06-09 21:59:56 | WEATHER_DATA_AGE | SENT | WEATHER DATA AGE ALERT: Weather station data file is 140.66 hours old.
2025-06-09 23:00:03 | PLANT_DATA_AGE | SENT | PLANT DATA AGE ALERT: Plant station data file is 184.08 hours old.
2025-06-09 23:00:08 | WEATHER_DATA_AGE | SENT | WEATHER DATA AGE ALERT: Weather station data file is 141.66 hours old.
2025-06-10 00:00:15 | PLANT_DATA_AGE | SENT | PLANT DATA AGE ALERT: Plant station data file is 185.08 hours old.
2025-06-10 00:00:20 | WEATHER_DATA_AGE | SENT | WEATHER DATA AGE ALERT: Weather station data file is 142.66 hours old.
2025-06-10 01:00:25 | PLANT_DATA_AGE | SENT | PLANT DATA AGE ALERT: Plant station data file is 186.08 hours old.
2025-06-10 01:00:30 | WEATHER_DATA_AGE | SENT | WEATHER DATA AGE ALERT: Weather station data file is 143.67 hours old.
2025-06-10 02:00:38 | PLANT_DATA_AGE | SENT | PLANT DATA AGE ALERT: Plant station data file is 187.09 hours old.
2025-06-10 02:00:40 | WEATHER_DATA_AGE | SENT | WEATHER DATA AGE ALERT: Weather station data file is 144.67 hours old.
2025-06-10 03:00:45 | PLANT_DATA_AGE | SENT | PLANT DATA AGE ALERT: Plant station data file is 188.09 hours old.
2025-06-10 03:00:47 | WEATHER_DATA_AGE | SENT | WEATHER DATA AGE ALERT: Weather station data file is 145.67 hours old.
2025-06-10 04:00:53 | PLANT_DATA_AGE | SENT | PLANT DATA AGE ALERT: Plant station data file is 189.09 hours old.
2025-06-10 04:00:57 | WEATHER_DATA_AGE | SENT | WEATHER DATA AGE ALERT: Weather station data file is 146.68 hours old.
2025-06-10 05:01:03 | PLANT_DATA_AGE | SENT | PLANT DATA AGE ALERT: Plant station data file is 190.09 hours old.
2025-06-10 05:01:09 | WEATHER_DATA_AGE | SENT | WEATHER DATA AGE ALERT: Weather station data file is 147.68 hours old.
2025-06-10 06:01:16 | PLANT_DATA_AGE | SENT | PLANT DATA AGE ALERT: Plant station data file is 191.10 hours old.
2025-06-10 06:01:20 | WEATHER_DATA_AGE | SENT | WEATHER DATA AGE ALERT: Weather station data file is 148.68 hours old.
2025-06-10 07:01:25 | PLANT_DATA_AGE | SENT | PLANT DATA AGE ALERT: Plant station data file is 192.10 hours old.
2025-06-10 07:01:28 | WEATHER_DATA_AGE | SENT | WEATHER DATA AGE ALERT: Weather station data file is 149.68 hours old.
2025-06-10 08:01:32 | PLANT_DATA_AGE | SENT | PLANT DATA AGE ALERT: Plant station data file is 193.10 hours old.
2025-06-10 08:01:35 | WEATHER_DATA_AGE | SENT | WEATHER DATA AGE ALERT: Weather station data file is 150.69 hours old.
2025-06-10 09:01:40 | PLANT_DATA_AGE | SENT | PLANT DATA AGE ALERT: Plant station data file is 194.11 hours old.
2025-06-10 09:01:43 | WEATHER_DATA_AGE | SENT | WEATHER DATA AGE ALERT: Weather station data file is 151.69 hours old.
2025-06-10 09:01:58 | DAILY_SUMMARY | SENT | Daily summary report for 2025-06-10
2025-06-10 10:02:02 | PLANT_DATA_AGE | SENT | PLANT DATA AGE ALERT: Plant station data file is 195.11 hours old.
2025-06-10 10:02:04 | WEATHER_DATA_AGE | SENT | WEATHER DATA AGE ALERT: Weather station data file is 152.69 hours old.
2025-06-10 11:02:10 | PLANT_DATA_AGE | SENT | PLANT DATA AGE ALERT: Plant station data file is 196.11 hours old.
2025-06-10 11:02:12 | WEATHER_DATA_AGE | SENT | WEATHER DATA AGE ALERT: Weather station data file is 153.70 hours old.
2025-06-10 12:02:17 | PLANT_DATA_AGE | SENT | PLANT DATA AGE ALERT: Plant station data file is 197.12 hours old.
2025-06-10 12:02:19 | WEATHER_DATA_AGE | SENT | WEATHER DATA AGE ALERT: Weather station data file is 154.70 hours old.
2025-06-10 13:02:24 | PLANT_DATA_AGE | SENT | PLANT DATA AGE ALERT: Plant station data file is 198.12 hours old.
2025-06-10 13:02:27 | WEATHER_DATA_AGE | SENT | WEATHER DATA AGE ALERT: Weather station data file is 155.70 hours old.
2025-06-10 14:02:34 | PLANT_DATA_AGE | SENT | PLANT DATA AGE ALERT: Plant station data file is 199.12 hours old.
2025-06-10 14:02:38 | WEATHER_DATA_AGE | SENT | WEATHER DATA AGE ALERT: Weather station data file is 156.70 hours old.
2025-06-10 15:02:43 | PLANT_DATA_AGE | SENT | PLANT DATA AGE ALERT: Plant station data file is 200.12 hours old.
2025-06-10 15:02:46 | WEATHER_DATA_AGE | SENT | WEATHER DATA AGE ALERT: Weather station data file is 157.71 hours old.
2025-06-10 16:02:51 | PLANT_DATA_AGE | SENT | PLANT DATA AGE ALERT: Plant station data file is 201.13 hours old.
2025-06-10 16:02:54 | WEATHER_DATA_AGE | SENT | WEATHER DATA AGE ALERT: Weather station data file is 158.71 hours old.
2025-06-10 17:02:58 | PLANT_DATA_AGE | SENT | PLANT DATA AGE ALERT: Plant station data file is 202.13 hours old.
2025-06-10 17:03:01 | WEATHER_DATA_AGE | SENT | WEATHER DATA AGE ALERT: Weather station data file is 159.71 hours old.
2025-06-10 18:03:05 | PLANT_DATA_AGE | SENT | PLANT DATA AGE ALERT: Plant station data file is 203.13 hours old.
2025-06-10 18:03:09 | WEATHER_DATA_AGE | SENT | WEATHER DATA AGE ALERT: Weather station data file is 160.71 hours old.
2025-06-10 19:03:14 | PLANT_DATA_AGE | SENT | PLANT DATA AGE ALERT: Plant station data file is 204.13 hours old.
2025-06-10 19:03:17 | WEATHER_DATA_AGE | SENT | WEATHER DATA AGE ALERT: Weather station data file is 161.71 hours old.
2025-06-10 20:03:24 | PLANT_DATA_AGE | SENT | PLANT DATA AGE ALERT: Plant station data file is 205.13 hours old.
2025-06-10 20:03:26 | WEATHER_DATA_AGE | SENT | WEATHER DATA AGE ALERT: Weather station data file is 162.72 hours old.
2025-06-10 21:03:32 | PLANT_DATA_AGE | SENT | PLANT DATA AGE ALERT: Plant station data file is 206.14 hours old.
2025-06-10 21:03:36 | WEATHER_DATA_AGE | SENT | WEATHER DATA AGE ALERT: Weather station data file is 163.72 hours old.
2025-06-10 22:03:40 | PLANT_DATA_AGE | SENT | PLANT DATA AGE ALERT: Plant station data file is 207.14 hours old.
2025-06-10 22:03:44 | WEATHER_DATA_AGE | SENT | WEATHER DATA AGE ALERT: Weather station data file is 164.72 hours old.
2025-06-10 23:03:50 | PLANT_DATA_AGE | SENT | PLANT DATA AGE ALERT: Plant station data file is 208.14 hours old.
2025-06-10 23:03:53 | WEATHER_DATA_AGE | SENT | WEATHER DATA AGE ALERT: Weather station data file is 165.72 hours old.
2025-06-11 00:04:01 | PLANT_DATA_AGE | SENT | PLANT DATA AGE ALERT: Plant station data file is 209.14 hours old.
2025-06-11 00:04:06 | WEATHER_DATA_AGE | SENT | WEATHER DATA AGE ALERT: Weather station data file is 166.73 hours old.
2025-06-11 01:04:14 | PLANT_DATA_AGE | SENT | PLANT DATA AGE ALERT: Plant station data file is 210.15 hours old.
2025-06-11 01:04:18 | WEATHER_DATA_AGE | SENT | WEATHER DATA AGE ALERT: Weather station data file is 167.73 hours old.
2025-06-11 01:04:35 | DAILY_SUMMARY | SENT | Daily summary report for 2025-06-11
2025-06-11 02:04:42 | PLANT_DATA_AGE | SENT | PLANT DATA AGE ALERT: Plant station data file is 211.16 hours old.
2025-06-11 02:04:45 | WEATHER_DATA_AGE | SENT | WEATHER DATA AGE ALERT: Weather station data file is 168.74 hours old.
2025-06-11 03:04:50 | PLANT_DATA_AGE | SENT | PLANT DATA AGE ALERT: Plant station data file is 212.16 hours old.
2025-06-11 03:04:52 | WEATHER_DATA_AGE | SENT | WEATHER DATA AGE ALERT: Weather station data file is 169.74 hours old.
2025-06-11 04:04:57 | PLANT_DATA_AGE | SENT | PLANT DATA AGE ALERT: Plant station data file is 213.16 hours old.
2025-06-11 04:05:01 | WEATHER_DATA_AGE | SENT | WEATHER DATA AGE ALERT: Weather station data file is 170.74 hours old.
2025-06-11 05:05:06 | PLANT_DATA_AGE | SENT | PLANT DATA AGE ALERT: Plant station data file is 214.16 hours old.
2025-06-11 05:05:11 | WEATHER_DATA_AGE | SENT | WEATHER DATA AGE ALERT: Weather station data file is 171.75 hours old.
2025-06-11 06:05:17 | PLANT_DATA_AGE | SENT | PLANT DATA AGE ALERT: Plant station data file is 215.17 hours old.
2025-06-11 06:05:20 | WEATHER_DATA_AGE | SENT | WEATHER DATA AGE ALERT: Weather station data file is 172.75 hours old.
2025-06-11 07:05:24 | PLANT_DATA_AGE | SENT | PLANT DATA AGE ALERT: Plant station data file is 216.17 hours old.
2025-06-11 07:05:27 | WEATHER_DATA_AGE | SENT | WEATHER DATA AGE ALERT: Weather station data file is 173.75 hours old.
2025-06-11 08:05:31 | PLANT_DATA_AGE | SENT | PLANT DATA AGE ALERT: Plant station data file is 217.17 hours old.
2025-06-11 08:05:33 | WEATHER_DATA_AGE | SENT | WEATHER DATA AGE ALERT: Weather station data file is 174.75 hours old.
2025-06-11 09:05:39 | PLANT_DATA_AGE | SENT | PLANT DATA AGE ALERT: Plant station data file is 218.17 hours old.
2025-06-11 09:05:43 | WEATHER_DATA_AGE | SENT | WEATHER DATA AGE ALERT: Weather station data file is 175.75 hours old.
2025-06-11 10:05:47 | PLANT_DATA_AGE | SENT | PLANT DATA AGE ALERT: Plant station data file is 219.17 hours old.
2025-06-11 10:05:50 | WEATHER_DATA_AGE | SENT | WEATHER DATA AGE ALERT: Weather station data file is 176.76 hours old.
2025-06-11 11:05:55 | PLANT_DATA_AGE | SENT | PLANT DATA AGE ALERT: Plant station data file is 220.18 hours old.
2025-06-11 11:05:58 | WEATHER_DATA_AGE | SENT | WEATHER DATA AGE ALERT: Weather station data file is 177.76 hours old.
2025-06-11 12:06:02 | PLANT_DATA_AGE | SENT | PLANT DATA AGE ALERT: Plant station data file is 221.18 hours old.
2025-06-11 12:06:05 | WEATHER_DATA_AGE | SENT | WEATHER DATA AGE ALERT: Weather station data file is 178.76 hours old.
2025-06-11 13:06:11 | PLANT_DATA_AGE | SENT | PLANT DATA AGE ALERT: Plant station data file is 222.18 hours old.
2025-06-11 13:06:15 | WEATHER_DATA_AGE | SENT | WEATHER DATA AGE ALERT: Weather station data file is 179.76 hours old.
2025-06-11 14:06:19 | PLANT_DATA_AGE | SENT | PLANT DATA AGE ALERT: Plant station data file is 223.18 hours old.
2025-06-11 14:06:22 | WEATHER_DATA_AGE | SENT | WEATHER DATA AGE ALERT: Weather station data file is 180.77 hours old.
2025-06-11 15:06:26 | PLANT_DATA_AGE | SENT | PLANT DATA AGE ALERT: Plant station data file is 224.19 hours old.
2025-06-11 15:06:29 | WEATHER_DATA_AGE | SENT | WEATHER DATA AGE ALERT: Weather station data file is 181.77 hours old.
2025-06-11 16:06:34 | PLANT_DATA_AGE | SENT | PLANT DATA AGE ALERT: Plant station data file is 225.19 hours old.
2025-06-11 16:06:38 | WEATHER_DATA_AGE | SENT | WEATHER DATA AGE ALERT: Weather station data file is 182.77 hours old.
2025-06-11 16:06:55 | DAILY_SUMMARY | SENT | Daily summary report for 2025-06-11
2025-06-11 17:07:01 | PLANT_DATA_AGE | SENT | PLANT DATA AGE ALERT: Plant station data file is 226.19 hours old.
2025-06-11 17:07:04 | WEATHER_DATA_AGE | SENT | WEATHER DATA AGE ALERT: Weather station data file is 183.78 hours old.
2025-06-11 18:07:09 | PLANT_DATA_AGE | SENT | PLANT DATA AGE ALERT: Plant station data file is 227.20 hours old.
2025-06-11 18:07:11 | WEATHER_DATA_AGE | SENT | WEATHER DATA AGE ALERT: Weather station data file is 184.78 hours old.
2025-06-11 19:07:18 | PLANT_DATA_AGE | SENT | PLANT DATA AGE ALERT: Plant station data file is 228.20 hours old.
2025-06-11 19:07:23 | WEATHER_DATA_AGE | SENT | WEATHER DATA AGE ALERT: Weather station data file is 185.78 hours old.
2025-06-11 20:07:29 | PLANT_DATA_AGE | SENT | PLANT DATA AGE ALERT: Plant station data file is 229.20 hours old.
2025-06-11 20:07:33 | WEATHER_DATA_AGE | SENT | WEATHER DATA AGE ALERT: Weather station data file is 186.79 hours old.
2025-06-11 21:07:39 | PLANT_DATA_AGE | SENT | PLANT DATA AGE ALERT: Plant station data file is 230.20 hours old.
2025-06-11 21:07:45 | WEATHER_DATA_AGE | SENT | WEATHER DATA AGE ALERT: Weather station data file is 187.79 hours old.
2025-06-11 22:07:52 | PLANT_DATA_AGE | SENT | PLANT DATA AGE ALERT: Plant station data file is 231.21 hours old.
2025-06-11 22:07:58 | WEATHER_DATA_AGE | SENT | WEATHER DATA AGE ALERT: Weather station data file is 188.79 hours old.
2025-06-11 23:08:05 | PLANT_DATA_AGE | SENT | PLANT DATA AGE ALERT: Plant station data file is 232.21 hours old.
2025-06-11 23:08:10 | WEATHER_DATA_AGE | SENT | WEATHER DATA AGE ALERT: Weather station data file is 189.79 hours old.
2025-06-12 00:08:16 | PLANT_DATA_AGE | SENT | PLANT DATA AGE ALERT: Plant station data file is 233.22 hours old.
2025-06-12 00:08:19 | WEATHER_DATA_AGE | SENT | WEATHER DATA AGE ALERT: Weather station data file is 190.80 hours old.
2025-06-12 01:08:27 | PLANT_DATA_AGE | SENT | PLANT DATA AGE ALERT: Plant station data file is 234.22 hours old.
2025-06-12 01:08:32 | WEATHER_DATA_AGE | SENT | WEATHER DATA AGE ALERT: Weather station data file is 191.80 hours old.
2025-06-12 02:08:38 | PLANT_DATA_AGE | SENT | PLANT DATA AGE ALERT: Plant station data file is 235.22 hours old.
2025-06-12 02:08:41 | WEATHER_DATA_AGE | SENT | WEATHER DATA AGE ALERT: Weather station data file is 192.80 hours old.
2025-06-12 03:08:46 | PLANT_DATA_AGE | SENT | PLANT DATA AGE ALERT: Plant station data file is 236.22 hours old.
2025-06-12 03:08:50 | WEATHER_DATA_AGE | SENT | WEATHER DATA AGE ALERT: Weather station data file is 193.81 hours old.
2025-06-12 04:08:55 | PLANT_DATA_AGE | SENT | PLANT DATA AGE ALERT: Plant station data file is 237.23 hours old.
2025-06-12 04:08:59 | WEATHER_DATA_AGE | SENT | WEATHER DATA AGE ALERT: Weather station data file is 194.81 hours old.
2025-06-12 05:09:04 | PLANT_DATA_AGE | SENT | PLANT DATA AGE ALERT: Plant station data file is 238.23 hours old.
2025-06-12 05:09:07 | WEATHER_DATA_AGE | SENT | WEATHER DATA AGE ALERT: Weather station data file is 195.81 hours old.
2025-06-12 06:09:13 | PLANT_DATA_AGE | SENT | PLANT DATA AGE ALERT: Plant station data file is 239.23 hours old.
2025-06-12 06:09:16 | WEATHER_DATA_AGE | SENT | WEATHER DATA AGE ALERT: Weather station data file is 196.81 hours old.
2025-06-12 07:09:20 | PLANT_DATA_AGE | SENT | PLANT DATA AGE ALERT: Plant station data file is 240.23 hours old.
2025-06-12 07:09:23 | WEATHER_DATA_AGE | SENT | WEATHER DATA AGE ALERT: Weather station data file is 197.82 hours old.
2025-06-12 07:09:37 | DAILY_SUMMARY | SENT | Daily summary report for 2025-06-12
2025-06-12 08:09:44 | PLANT_DATA_AGE | SENT | PLANT DATA AGE ALERT: Plant station data file is 241.24 hours old.
2025-06-12 08:09:47 | WEATHER_DATA_AGE | SENT | WEATHER DATA AGE ALERT: Weather station data file is 198.82 hours old.
2025-06-12 09:09:57 | PLANT_DATA_AGE | SENT | PLANT DATA AGE ALERT: Plant station data file is 242.24 hours old.
2025-06-12 09:10:03 | WEATHER_DATA_AGE | SENT | WEATHER DATA AGE ALERT: Weather station data file is 199.83 hours old.
2025-06-12 10:10:07 | PLANT_DATA_AGE | SENT | PLANT DATA AGE ALERT: Plant station data file is 243.25 hours old.
2025-06-12 10:10:09 | WEATHER_DATA_AGE | SENT | WEATHER DATA AGE ALERT: Weather station data file is 200.83 hours old.
2025-06-12 11:10:14 | PLANT_DATA_AGE | SENT | PLANT DATA AGE ALERT: Plant station data file is 244.25 hours old.
2025-06-12 11:10:16 | WEATHER_DATA_AGE | SENT | WEATHER DATA AGE ALERT: Weather station data file is 201.83 hours old.
2025-06-12 12:10:21 | PLANT_DATA_AGE | SENT | PLANT DATA AGE ALERT: Plant station data file is 245.25 hours old.
2025-06-12 12:10:24 | WEATHER_DATA_AGE | SENT | WEATHER DATA AGE ALERT: Weather station data file is 202.83 hours old.
2025-06-12 13:10:29 | PLANT_DATA_AGE | SENT | PLANT DATA AGE ALERT: Plant station data file is 246.25 hours old.
2025-06-12 13:10:32 | WEATHER_DATA_AGE | SENT | WEATHER DATA AGE ALERT: Weather station data file is 203.83 hours old.
2025-06-12 14:10:38 | PLANT_DATA_AGE | SENT | PLANT DATA AGE ALERT: Plant station data file is 247.25 hours old.
2025-06-12 14:10:40 | WEATHER_DATA_AGE | SENT | WEATHER DATA AGE ALERT: Weather station data file is 204.84 hours old.
2025-06-12 15:10:46 | PLANT_DATA_AGE | SENT | PLANT DATA AGE ALERT: Plant station data file is 248.26 hours old.
2025-06-12 15:10:51 | WEATHER_DATA_AGE | SENT | WEATHER DATA AGE ALERT: Weather station data file is 205.84 hours old.
2025-06-12 16:10:57 | PLANT_DATA_AGE | SENT | PLANT DATA AGE ALERT: Plant station data file is 249.26 hours old.
2025-06-12 16:11:01 | WEATHER_DATA_AGE | SENT | WEATHER DATA AGE ALERT: Weather station data file is 206.84 hours old.
2025-06-12 17:11:08 | PLANT_DATA_AGE | SENT | PLANT DATA AGE ALERT: Plant station data file is 250.26 hours old.
2025-06-12 17:11:10 | WEATHER_DATA_AGE | SENT | WEATHER DATA AGE ALERT: Weather station data file is 207.85 hours old.
2025-06-12 18:11:16 | PLANT_DATA_AGE | SENT | PLANT DATA AGE ALERT: Plant station data file is 251.27 hours old.
2025-06-12 18:11:19 | WEATHER_DATA_AGE | SENT | WEATHER DATA AGE ALERT: Weather station data file is 208.85 hours old.
2025-06-12 19:11:24 | PLANT_DATA_AGE | SENT | PLANT DATA AGE ALERT: Plant station data file is 252.27 hours old.
2025-06-12 19:11:28 | WEATHER_DATA_AGE | SENT | WEATHER DATA AGE ALERT: Weather station data file is 209.85 hours old.
2025-06-12 20:11:37 | PLANT_DATA_AGE | SENT | PLANT DATA AGE ALERT: Plant station data file is 253.27 hours old.
2025-06-12 20:11:41 | WEATHER_DATA_AGE | SENT | WEATHER DATA AGE ALERT: Weather station data file is 210.85 hours old.
2025-06-12 21:11:47 | PLANT_DATA_AGE | SENT | PLANT DATA AGE ALERT: Plant station data file is 254.27 hours old.
2025-06-12 21:11:53 | WEATHER_DATA_AGE | SENT | WEATHER DATA AGE ALERT: Weather station data file is 211.86 hours old.
2025-06-12 22:12:00 | PLANT_DATA_AGE | SENT | PLANT DATA AGE ALERT: Plant station data file is 255.28 hours old.
2025-06-12 22:12:04 | WEATHER_DATA_AGE | SENT | WEATHER DATA AGE ALERT: Weather station data file is 212.86 hours old.
2025-06-12 23:12:12 | PLANT_DATA_AGE | SENT | PLANT DATA AGE ALERT: Plant station data file is 256.28 hours old.
2025-06-12 23:12:17 | WEATHER_DATA_AGE | SENT | WEATHER DATA AGE ALERT: Weather station data file is 213.86 hours old.
2025-06-13 00:12:26 | PLANT_DATA_AGE | SENT | PLANT DATA AGE ALERT: Plant station data file is 257.28 hours old.
2025-06-13 00:12:30 | WEATHER_DATA_AGE | SENT | WEATHER DATA AGE ALERT: Weather station data file is 214.87 hours old.
2025-06-13 01:12:38 | PLANT_DATA_AGE | SENT | PLANT DATA AGE ALERT: Plant station data file is 258.29 hours old.
2025-06-13 01:12:43 | WEATHER_DATA_AGE | SENT | WEATHER DATA AGE ALERT: Weather station data file is 215.87 hours old.
2025-06-13 02:12:49 | PLANT_DATA_AGE | SENT | PLANT DATA AGE ALERT: Plant station data file is 259.29 hours old.
2025-06-13 02:12:51 | WEATHER_DATA_AGE | SENT | WEATHER DATA AGE ALERT: Weather station data file is 216.87 hours old.
2025-06-13 03:12:58 | PLANT_DATA_AGE | SENT | PLANT DATA AGE ALERT: Plant station data file is 260.29 hours old.
2025-06-13 03:13:02 | WEATHER_DATA_AGE | SENT | WEATHER DATA AGE ALERT: Weather station data file is 217.88 hours old.
2025-06-13 03:13:18 | DAILY_SUMMARY | SENT | Daily summary report for 2025-06-13
2025-06-13 04:13:25 | PLANT_DATA_AGE | SENT | PLANT DATA AGE ALERT: Plant station data file is 261.30 hours old.
2025-06-13 04:13:30 | WEATHER_DATA_AGE | SENT | WEATHER DATA AGE ALERT: Weather station data file is 218.88 hours old.
2025-06-13 05:13:36 | PLANT_DATA_AGE | SENT | PLANT DATA AGE ALERT: Plant station data file is 262.30 hours old.
2025-06-13 05:13:39 | WEATHER_DATA_AGE | SENT | WEATHER DATA AGE ALERT: Weather station data file is 219.89 hours old.
2025-06-13 06:13:43 | PLANT_DATA_AGE | SENT | PLANT DATA AGE ALERT: Plant station data file is 263.31 hours old.
2025-06-13 06:13:46 | WEATHER_DATA_AGE | SENT | WEATHER DATA AGE ALERT: Weather station data file is 220.89 hours old.
2025-06-13 07:13:52 | PLANT_DATA_AGE | SENT | PLANT DATA AGE ALERT: Plant station data file is 264.31 hours old.
2025-06-13 07:13:54 | WEATHER_DATA_AGE | SENT | WEATHER DATA AGE ALERT: Weather station data file is 221.89 hours old.
2025-06-13 08:13:59 | PLANT_DATA_AGE | SENT | PLANT DATA AGE ALERT: Plant station data file is 265.31 hours old.
2025-06-13 08:14:01 | WEATHER_DATA_AGE | SENT | WEATHER DATA AGE ALERT: Weather station data file is 222.89 hours old.
2025-06-13 09:14:06 | PLANT_DATA_AGE | SENT | PLANT DATA AGE ALERT: Plant station data file is 266.31 hours old.
2025-06-13 09:14:08 | WEATHER_DATA_AGE | SENT | WEATHER DATA AGE ALERT: Weather station data file is 223.90 hours old.
2025-06-13 10:14:14 | PLANT_DATA_AGE | SENT | PLANT DATA AGE ALERT: Plant station data file is 267.31 hours old.
2025-06-13 10:14:17 | WEATHER_DATA_AGE | SENT | WEATHER DATA AGE ALERT: Weather station data file is 224.90 hours old.
2025-06-13 11:14:24 | PLANT_DATA_AGE | SENT | PLANT DATA AGE ALERT: Plant station data file is 268.32 hours old.
2025-06-13 11:14:28 | WEATHER_DATA_AGE | SENT | WEATHER DATA AGE ALERT: Weather station data file is 225.90 hours old.
2025-06-13 12:14:33 | PLANT_DATA_AGE | SENT | PLANT DATA AGE ALERT: Plant station data file is 269.32 hours old.
2025-06-13 13:14:39 | PLANT_DATA_AGE | SENT | PLANT DATA AGE ALERT: Plant station data file is 270.32 hours old.
2025-06-13 14:14:45 | PLANT_DATA_AGE | SENT | PLANT DATA AGE ALERT: Plant station data file is 271.32 hours old.
2025-06-13 15:14:51 | PLANT_DATA_AGE | SENT | PLANT DATA AGE ALERT: Plant station data file is 272.33 hours old.
2025-06-13 16:14:57 | PLANT_DATA_AGE | SENT | PLANT DATA AGE ALERT: Plant station data file is 273.33 hours old.
2025-06-13 17:15:03 | PLANT_DATA_AGE | SENT | PLANT DATA AGE ALERT: Plant station data file is 274.33 hours old.
2025-06-13 18:15:09 | PLANT_DATA_AGE | SENT | PLANT DATA AGE ALERT: Plant station data file is 275.33 hours old.
2025-06-13 19:12:04 | PLANT_DATA_AGE | SENT | PLANT DATA AGE ALERT: Plant station data file is 276.28 hours old.
2025-06-14 11:12:30 | PLANT_DATA_AGE | SENT | PLANT DATA AGE ALERT: Plant station data file is 292.29 hours old.
2025-06-14 11:12:50 | DAILY_SUMMARY | SENT | Daily summary report for 2025-06-14
2025-06-14 12:12:55 | HIGH_TEMP | SENT | HIGH TEMPERATURE ALERT: Plant station recorded 47.1°C at 2025-06-14 18:08:53.985556
2025-06-14 13:13:00 | HIGH_TEMP | SENT | HIGH TEMPERATURE ALERT: Plant station recorded 49.2°C at 2025-06-14 18:50:05.028475
2025-06-14 14:13:05 | HIGH_TEMP | SENT | HIGH TEMPERATURE ALERT: Plant station recorded 40.9°C at 2025-06-14 19:54:27.451658
2025-06-14 15:13:11 | HIGH_TEMP | SENT | HIGH TEMPERATURE ALERT: Plant station recorded 43.2°C at 2025-06-14 21:05:25.734789
2025-06-14 16:13:15 | HIGH_TEMP | SENT | HIGH TEMPERATURE ALERT: Plant station recorded 44.5°C at 2025-06-14 22:00:51.055107
2025-06-14 20:13:26 | PLANT_DATA_AGE | SENT | PLANT DATA AGE ALERT: Plant station data file is 1.98 hours old.
2025-06-14 21:13:31 | PLANT_DATA_AGE | SENT | PLANT DATA AGE ALERT: Plant station data file is 2.99 hours old.
2025-06-14 22:13:36 | PLANT_DATA_AGE | SENT | PLANT DATA AGE ALERT: Plant station data file is 3.99 hours old.
2025-06-15 07:14:13 | DAILY_SUMMARY | SENT | Daily summary report for 2025-06-15
2025-06-15 08:14:18 | PLANT_DATA_AGE | SENT | PLANT DATA AGE ALERT: Plant station data file is 2.00 hours old.
2025-06-15 09:14:23 | PLANT_DATA_AGE | SENT | PLANT DATA AGE ALERT: Plant station data file is 3.00 hours old.
2025-06-15 11:16:17 | PLANT_DATA_AGE | SENT | PLANT DATA AGE ALERT: Plant station data file is 5.03 hours old.
2025-06-23 15:03:13 | DAILY_SUMMARY | SENT | Daily summary report for 2025-06-23
2025-06-23 17:13:00 | PLANT_DATA_AGE | SENT | PLANT DATA AGE ALERT: Plant station data file is 1.99 hours old.
2025-06-23 18:13:06 | PLANT_DATA_AGE | SENT | PLANT DATA AGE ALERT: Plant station data file is 2.99 hours old.
2025-06-23 19:13:11 | PLANT_DATA_AGE | SENT | PLANT DATA AGE ALERT: Plant station data file is 3.99 hours old.
2025-06-23 20:13:18 | PLANT_DATA_AGE | SENT | PLANT DATA AGE ALERT: Plant station data file is 4.99 hours old.
2025-06-23 21:13:23 | PLANT_DATA_AGE | SENT | PLANT DATA AGE ALERT: Plant station data file is 5.99 hours old.
2025-06-23 22:13:30 | PLANT_DATA_AGE | SENT | PLANT DATA AGE ALERT: Plant station data file is 7.00 hours old.
2025-06-23 23:13:36 | PLANT_DATA_AGE | SENT | PLANT DATA AGE ALERT: Plant station data file is 8.00 hours old.
2025-06-24 00:13:43 | PLANT_DATA_AGE | SENT | PLANT DATA AGE ALERT: Plant station data file is 9.00 hours old.
2025-06-24 01:13:49 | PLANT_DATA_AGE | SENT | PLANT DATA AGE ALERT: Plant station data file is 10.00 hours old.
2025-06-24 02:13:55 | PLANT_DATA_AGE | SENT | PLANT DATA AGE ALERT: Plant station data file is 11.00 hours old.
2025-06-24 03:14:00 | PLANT_DATA_AGE | SENT | PLANT DATA AGE ALERT: Plant station data file is 12.00 hours old.
2025-06-24 04:14:07 | PLANT_DATA_AGE | SENT | PLANT DATA AGE ALERT: Plant station data file is 13.01 hours old.
2025-06-24 05:14:11 | PLANT_DATA_AGE | SENT | PLANT DATA AGE ALERT: Plant station data file is 14.01 hours old.
2025-06-24 05:14:32 | DAILY_SUMMARY | SENT | Daily summary report for 2025-06-24
2025-06-24 06:14:38 | PLANT_DATA_AGE | SENT | PLANT DATA AGE ALERT: Plant station data file is 15.01 hours old.
2025-06-24 07:14:42 | PLANT_DATA_AGE | SENT | PLANT DATA AGE ALERT: Plant station data file is 16.02 hours old.
2025-06-24 08:14:48 | PLANT_DATA_AGE | SENT | PLANT DATA AGE ALERT: Plant station data file is 17.02 hours old.
2025-06-24 09:14:52 | PLANT_DATA_AGE | SENT | PLANT DATA AGE ALERT: Plant station data file is 18.02 hours old.
2025-06-24 10:14:58 | PLANT_DATA_AGE | SENT | PLANT DATA AGE ALERT: Plant station data file is 19.02 hours old.
2025-06-24 11:15:04 | PLANT_DATA_AGE | SENT | PLANT DATA AGE ALERT: Plant station data file is 20.02 hours old.
2025-06-24 12:15:10 | PLANT_DATA_AGE | SENT | PLANT DATA AGE ALERT: Plant station data file is 21.02 hours old.
2025-06-24 13:15:14 | PLANT_DATA_AGE | SENT | PLANT DATA AGE ALERT: Plant station data file is 22.02 hours old.
2025-06-24 14:15:18 | PLANT_DATA_AGE | SENT | PLANT DATA AGE ALERT: Plant station data file is 23.03 hours old.
2025-06-24 15:15:22 | PLANT_DATA_AGE | SENT | PLANT DATA AGE ALERT: Plant station data file is 24.03 hours old.
2025-06-24 16:15:27 | PLANT_DATA_AGE | SENT | PLANT DATA AGE ALERT: Plant station data file is 25.03 hours old.
2025-06-24 17:15:32 | PLANT_DATA_AGE | SENT | PLANT DATA AGE ALERT: Plant station data file is 26.03 hours old.
2025-06-24 18:15:37 | PLANT_DATA_AGE | SENT | PLANT DATA AGE ALERT: Plant station data file is 27.03 hours old.
2025-06-24 19:15:42 | PLANT_DATA_AGE | SENT | PLANT DATA AGE ALERT: Plant station data file is 28.03 hours old.
2025-06-24 20:15:47 | PLANT_DATA_AGE | SENT | PLANT DATA AGE ALERT: Plant station data file is 29.03 hours old.
2025-06-24 21:15:54 | PLANT_DATA_AGE | SENT | PLANT DATA AGE ALERT: Plant station data file is 30.04 hours old.
2025-06-24 22:16:00 | PLANT_DATA_AGE | SENT | PLANT DATA AGE ALERT: Plant station data file is 31.04 hours old.
2025-06-24 23:16:06 | PLANT_DATA_AGE | SENT | PLANT DATA AGE ALERT: Plant station data file is 32.04 hours old.
2025-06-24 23:16:27 | DAILY_SUMMARY | SENT | Daily summary report for 2025-06-24
2025-06-25 00:16:33 | PLANT_DATA_AGE | SENT | PLANT DATA AGE ALERT: Plant station data file is 33.05 hours old.
2025-06-25 01:16:38 | PLANT_DATA_AGE | SENT | PLANT DATA AGE ALERT: Plant station data file is 34.05 hours old.
2025-06-25 02:16:43 | PLANT_DATA_AGE | SENT | PLANT DATA AGE ALERT: Plant station data file is 35.05 hours old.
2025-06-25 03:16:48 | PLANT_DATA_AGE | SENT | PLANT DATA AGE ALERT: Plant station data file is 36.05 hours old.
2025-06-25 04:16:52 | PLANT_DATA_AGE | SENT | PLANT DATA AGE ALERT: Plant station data file is 37.05 hours old.
2025-06-25 05:16:57 | PLANT_DATA_AGE | SENT | PLANT DATA AGE ALERT: Plant station data file is 38.05 hours old.
2025-06-25 06:17:02 | PLANT_DATA_AGE | SENT | PLANT DATA AGE ALERT: Plant station data file is 39.05 hours old.
2025-06-25 07:17:07 | PLANT_DATA_AGE | SENT | PLANT DATA AGE ALERT: Plant station data file is 40.06 hours old.
2025-06-25 08:17:11 | PLANT_DATA_AGE | SENT | PLANT DATA AGE ALERT: Plant station data file is 41.06 hours old.
2025-06-25 09:17:15 | PLANT_DATA_AGE | SENT | PLANT DATA AGE ALERT: Plant station data file is 42.06 hours old.
2025-06-25 10:17:20 | PLANT_DATA_AGE | SENT | PLANT DATA AGE ALERT: Plant station data file is 43.06 hours old.
2025-06-25 11:17:25 | PLANT_DATA_AGE | SENT | PLANT DATA AGE ALERT: Plant station data file is 44.06 hours old.
2025-06-25 12:17:29 | PLANT_DATA_AGE | SENT | PLANT DATA AGE ALERT: Plant station data file is 45.06 hours old.
2025-06-25 13:17:33 | PLANT_DATA_AGE | SENT | PLANT DATA AGE ALERT: Plant station data file is 46.06 hours old.
2025-06-25 14:17:37 | PLANT_DATA_AGE | SENT | PLANT DATA AGE ALERT: Plant station data file is 47.06 hours old.
2025-06-25 15:17:41 | PLANT_DATA_AGE | SENT | PLANT DATA AGE ALERT: Plant station data file is 48.07 hours old.
2025-06-25 15:18:04 | DAILY_SUMMARY | SENT | Daily summary report for 2025-06-25
2025-06-25 16:18:11 | PLANT_DATA_AGE | SENT | PLANT DATA AGE ALERT: Plant station data file is 49.07 hours old.
2025-06-25 17:18:15 | PLANT_DATA_AGE | SENT | PLANT DATA AGE ALERT: Plant station data file is 50.07 hours old.
2025-06-25 18:18:20 | PLANT_DATA_AGE | SENT | PLANT DATA AGE ALERT: Plant station data file is 51.08 hours old.
2025-06-25 19:18:25 | PLANT_DATA_AGE | SENT | PLANT DATA AGE ALERT: Plant station data file is 52.08 hours old.
2025-06-25 20:18:30 | PLANT_DATA_AGE | SENT | PLANT DATA AGE ALERT: Plant station data file is 53.08 hours old.
2025-06-25 21:18:36 | PLANT_DATA_AGE | SENT | PLANT DATA AGE ALERT: Plant station data file is 54.08 hours old.
2025-06-25 22:18:43 | PLANT_DATA_AGE | SENT | PLANT DATA AGE ALERT: Plant station data file is 55.08 hours old.
2025-06-25 23:18:50 | PLANT_DATA_AGE | SENT | PLANT DATA AGE ALERT: Plant station data file is 56.08 hours old.
2025-06-26 00:18:57 | PLANT_DATA_AGE | SENT | PLANT DATA AGE ALERT: Plant station data file is 57.09 hours old.
2025-06-26 01:19:04 | PLANT_DATA_AGE | SENT | PLANT DATA AGE ALERT: Plant station data file is 58.09 hours old.
2025-06-26 02:19:09 | PLANT_DATA_AGE | SENT | PLANT DATA AGE ALERT: Plant station data file is 59.09 hours old.
2025-06-26 03:19:14 | PLANT_DATA_AGE | SENT | PLANT DATA AGE ALERT: Plant station data file is 60.09 hours old.
2025-06-26 04:19:19 | PLANT_DATA_AGE | SENT | PLANT DATA AGE ALERT: Plant station data file is 61.09 hours old.
2025-06-26 05:19:23 | PLANT_DATA_AGE | SENT | PLANT DATA AGE ALERT: Plant station data file is 62.09 hours old.
2025-06-26 06:19:28 | PLANT_DATA_AGE | SENT | PLANT DATA AGE ALERT: Plant station data file is 63.10 hours old.
2025-06-26 06:19:52 | DAILY_SUMMARY | SENT | Daily summary report for 2025-06-26
2025-06-26 07:19:56 | PLANT_DATA_AGE | SENT | PLANT DATA AGE ALERT: Plant station data file is 64.10 hours old.
2025-06-26 08:20:00 | PLANT_DATA_AGE | SENT | PLANT DATA AGE ALERT: Plant station data file is 65.10 hours old.
2025-06-26 09:20:05 | PLANT_DATA_AGE | SENT | PLANT DATA AGE ALERT: Plant station data file is 66.11 hours old.
2025-06-26 10:20:09 | PLANT_DATA_AGE | SENT | PLANT DATA AGE ALERT: Plant station data file is 67.11 hours old.
2025-06-26 11:20:14 | PLANT_DATA_AGE | SENT | PLANT DATA AGE ALERT: Plant station data file is 68.11 hours old.
2025-06-26 12:20:18 | PLANT_DATA_AGE | SENT | PLANT DATA AGE ALERT: Plant station data file is 69.11 hours old.
2025-06-26 13:20:23 | PLANT_DATA_AGE | SENT | PLANT DATA AGE ALERT: Plant station data file is 70.11 hours old.
2025-06-26 14:20:27 | PLANT_DATA_AGE | SENT | PLANT DATA AGE ALERT: Plant station data file is 71.11 hours old.
2025-06-26 15:20:31 | PLANT_DATA_AGE | SENT | PLANT DATA AGE ALERT: Plant station data file is 72.11 hours old.
2025-06-26 16:20:40 | PLANT_DATA_AGE | SENT | PLANT DATA AGE ALERT: Plant station data file is 73.11 hours old.
2025-06-26 17:20:44 | PLANT_DATA_AGE | SENT | PLANT DATA AGE ALERT: Plant station data file is 74.12 hours old.
2025-06-26 18:20:50 | PLANT_DATA_AGE | SENT | PLANT DATA AGE ALERT: Plant station data file is 75.12 hours old.
2025-06-26 19:20:57 | PLANT_DATA_AGE | SENT | PLANT DATA AGE ALERT: Plant station data file is 76.12 hours old.
2025-06-26 20:21:03 | PLANT_DATA_AGE | SENT | PLANT DATA AGE ALERT: Plant station data file is 77.12 hours old.
2025-06-26 21:21:09 | PLANT_DATA_AGE | SENT | PLANT DATA AGE ALERT: Plant station data file is 78.12 hours old.
2025-06-26 21:21:34 | DAILY_SUMMARY | SENT | Daily summary report for 2025-06-26
2025-06-26 22:21:40 | PLANT_DATA_AGE | SENT | PLANT DATA AGE ALERT: Plant station data file is 79.13 hours old.
2025-06-26 23:21:46 | PLANT_DATA_AGE | SENT | PLANT DATA AGE ALERT: Plant station data file is 80.13 hours old.
2025-06-27 00:21:53 | PLANT_DATA_AGE | SENT | PLANT DATA AGE ALERT: Plant station data file is 81.13 hours old.
2025-06-27 01:22:00 | PLANT_DATA_AGE | SENT | PLANT DATA AGE ALERT: Plant station data file is 82.14 hours old.
2025-06-27 02:22:06 | PLANT_DATA_AGE | SENT | PLANT DATA AGE ALERT: Plant station data file is 83.14 hours old.
2025-06-27 03:22:13 | PLANT_DATA_AGE | SENT | PLANT DATA AGE ALERT: Plant station data file is 84.14 hours old.
2025-06-27 04:22:18 | PLANT_DATA_AGE | SENT | PLANT DATA AGE ALERT: Plant station data file is 85.14 hours old.
2025-06-27 05:22:23 | PLANT_DATA_AGE | SENT | PLANT DATA AGE ALERT: Plant station data file is 86.14 hours old.
2025-06-27 06:22:28 | PLANT_DATA_AGE | SENT | PLANT DATA AGE ALERT: Plant station data file is 87.14 hours old.
2025-06-27 07:22:32 | PLANT_DATA_AGE | SENT | PLANT DATA AGE ALERT: Plant station data file is 88.15 hours old.
2025-06-27 08:22:39 | PLANT_DATA_AGE | SENT | PLANT DATA AGE ALERT: Plant station data file is 89.15 hours old.
2025-06-27 09:22:44 | PLANT_DATA_AGE | SENT | PLANT DATA AGE ALERT: Plant station data file is 90.15 hours old.
2025-06-27 10:22:49 | PLANT_DATA_AGE | SENT | PLANT DATA AGE ALERT: Plant station data file is 91.15 hours old.
2025-06-27 11:22:54 | PLANT_DATA_AGE | SENT | PLANT DATA AGE ALERT: Plant station data file is 92.15 hours old.
2025-06-27 12:22:58 | PLANT_DATA_AGE | SENT | PLANT DATA AGE ALERT: Plant station data file is 93.15 hours old.
2025-06-27 12:23:20 | DAILY_SUMMARY | SENT | Daily summary report for 2025-06-27
2025-06-27 13:23:25 | PLANT_DATA_AGE | SENT | PLANT DATA AGE ALERT: Plant station data file is 94.16 hours old.
2025-06-27 14:23:31 | PLANT_DATA_AGE | SENT | PLANT DATA AGE ALERT: Plant station data file is 95.16 hours old.
2025-06-27 15:23:37 | PLANT_DATA_AGE | SENT | PLANT DATA AGE ALERT: Plant station data file is 96.16 hours old.
2025-06-27 16:24:04 | PLANT_DATA_AGE | SENT | PLANT DATA AGE ALERT: Plant station data file is 97.17 hours old.
2025-06-27 17:24:10 | PLANT_DATA_AGE | SENT | PLANT DATA AGE ALERT: Plant station data file is 98.17 hours old.
2025-06-27 18:24:15 | PLANT_DATA_AGE | SENT | PLANT DATA AGE ALERT: Plant station data file is 99.17 hours old.
2025-06-27 19:24:22 | PLANT_DATA_AGE | SENT | PLANT DATA AGE ALERT: Plant station data file is 100.18 hours old.
2025-06-27 20:24:29 | PLANT_DATA_AGE | SENT | PLANT DATA AGE ALERT: Plant station data file is 101.18 hours old.
2025-06-27 21:24:35 | PLANT_DATA_AGE | SENT | PLANT DATA AGE ALERT: Plant station data file is 102.18 hours old.
2025-06-27 22:24:41 | PLANT_DATA_AGE | SENT | PLANT DATA AGE ALERT: Plant station data file is 103.18 hours old.
2025-06-27 23:24:48 | PLANT_DATA_AGE | SENT | PLANT DATA AGE ALERT: Plant station data file is 104.18 hours old.
2025-06-28 00:24:55 | PLANT_DATA_AGE | SENT | PLANT DATA AGE ALERT: Plant station data file is 105.19 hours old.
2025-06-28 01:25:01 | PLANT_DATA_AGE | SENT | PLANT DATA AGE ALERT: Plant station data file is 106.19 hours old.
2025-06-28 02:25:09 | PLANT_DATA_AGE | SENT | PLANT DATA AGE ALERT: Plant station data file is 107.19 hours old.
2025-06-28 03:25:16 | PLANT_DATA_AGE | SENT | PLANT DATA AGE ALERT: Plant station data file is 108.19 hours old.
2025-06-28 04:25:22 | PLANT_DATA_AGE | SENT | PLANT DATA AGE ALERT: Plant station data file is 109.19 hours old.
2025-06-28 05:25:28 | PLANT_DATA_AGE | SENT | PLANT DATA AGE ALERT: Plant station data file is 110.19 hours old.
2025-06-28 06:25:33 | PLANT_DATA_AGE | SENT | PLANT DATA AGE ALERT: Plant station data file is 111.20 hours old.
2025-06-28 07:25:39 | PLANT_DATA_AGE | SENT | PLANT DATA AGE ALERT: Plant station data file is 112.20 hours old.
2025-06-28 08:25:45 | PLANT_DATA_AGE | SENT | PLANT DATA AGE ALERT: Plant station data file is 113.20 hours old.
2025-06-28 09:26:11 | PLANT_DATA_AGE | SENT | PLANT DATA AGE ALERT: Plant station data file is 114.20 hours old.
2025-06-28 10:26:16 | PLANT_DATA_AGE | SENT | PLANT DATA AGE ALERT: Plant station data file is 115.21 hours old.
2025-06-28 11:26:22 | PLANT_DATA_AGE | SENT | PLANT DATA AGE ALERT: Plant station data file is 116.21 hours old.
2025-06-28 11:26:46 | DAILY_SUMMARY | SENT | Daily summary report for 2025-06-28
2025-06-28 12:26:52 | PLANT_DATA_AGE | SENT | PLANT DATA AGE ALERT: Plant station data file is 117.22 hours old.
2025-06-28 13:26:57 | PLANT_DATA_AGE | SENT | PLANT DATA AGE ALERT: Plant station data file is 118.22 hours old.
2025-06-28 14:27:13 | PLANT_DATA_AGE | SENT | PLANT DATA AGE ALERT: Plant station data file is 119.22 hours old.
2025-06-28 15:27:19 | PLANT_DATA_AGE | SENT | PLANT DATA AGE ALERT: Plant station data file is 120.23 hours old.
2025-06-28 16:27:25 | PLANT_DATA_AGE | SENT | PLANT DATA AGE ALERT: Plant station data file is 121.23 hours old.
2025-06-28 17:27:31 | PLANT_DATA_AGE | SENT | PLANT DATA AGE ALERT: Plant station data file is 122.23 hours old.
2025-06-28 18:27:37 | PLANT_DATA_AGE | SENT | PLANT DATA AGE ALERT: Plant station data file is 123.23 hours old.
2025-06-28 19:27:44 | PLANT_DATA_AGE | SENT | PLANT DATA AGE ALERT: Plant station data file is 124.23 hours old.
2025-06-28 20:27:51 | PLANT_DATA_AGE | SENT | PLANT DATA AGE ALERT: Plant station data file is 125.23 hours old.
2025-06-28 21:27:58 | PLANT_DATA_AGE | SENT | PLANT DATA AGE ALERT: Plant station data file is 126.24 hours old.
2025-06-28 22:28:05 | PLANT_DATA_AGE | SENT | PLANT DATA AGE ALERT: Plant station data file is 127.24 hours old.
2025-06-28 23:28:10 | PLANT_DATA_AGE | SENT | PLANT DATA AGE ALERT: Plant station data file is 128.24 hours old.
2025-06-29 00:28:17 | PLANT_DATA_AGE | SENT | PLANT DATA AGE ALERT: Plant station data file is 129.24 hours old.
2025-06-29 01:28:24 | PLANT_DATA_AGE | SENT | PLANT DATA AGE ALERT: Plant station data file is 130.24 hours old.
2025-06-29 02:28:32 | PLANT_DATA_AGE | SENT | PLANT DATA AGE ALERT: Plant station data file is 131.25 hours old.
2025-06-29 03:28:38 | PLANT_DATA_AGE | SENT | PLANT DATA AGE ALERT: Plant station data file is 132.25 hours old.
2025-06-29 03:29:00 | DAILY_SUMMARY | SENT | Daily summary report for 2025-06-29
2025-06-29 04:29:07 | PLANT_DATA_AGE | SENT | PLANT DATA AGE ALERT: Plant station data file is 133.26 hours old.
2025-06-29 05:29:13 | PLANT_DATA_AGE | SENT | PLANT DATA AGE ALERT: Plant station data file is 134.26 hours old.
2025-06-29 06:29:19 | PLANT_DATA_AGE | SENT | PLANT DATA AGE ALERT: Plant station data file is 135.26 hours old.
2025-06-29 07:29:24 | PLANT_DATA_AGE | SENT | PLANT DATA AGE ALERT: Plant station data file is 136.26 hours old.
2025-06-29 08:29:30 | PLANT_DATA_AGE | SENT | PLANT DATA AGE ALERT: Plant station data file is 137.26 hours old.
2025-06-29 09:29:36 | PLANT_DATA_AGE | SENT | PLANT DATA AGE ALERT: Plant station data file is 138.26 hours old.
2025-06-29 10:29:42 | PLANT_DATA_AGE | SENT | PLANT DATA AGE ALERT: Plant station data file is 139.27 hours old.
2025-06-29 11:30:13 | PLANT_DATA_AGE | SENT | PLANT DATA AGE ALERT: Plant station data file is 140.27 hours old.
2025-06-29 13:30:20 | HIGH_TEMP | SENT | HIGH TEMPERATURE ALERT: Plant station recorded 45.1°C at 2025-06-29 19:28:56.212296
2025-06-29 20:30:54 | DAILY_SUMMARY | SENT | Daily summary report for 2025-06-29
2025-06-30 13:31:27 | HIGH_TEMP | SENT | HIGH TEMPERATURE ALERT: Plant station recorded 41.6°C at 2025-06-30 19:30:54.751995
2025-06-30 14:31:32 | HIGH_TEMP | SENT | HIGH TEMPERATURE ALERT: Plant station recorded 43.6°C at 2025-06-30 20:30:43.217960
2025-06-30 14:31:57 | DAILY_SUMMARY | SENT | Daily summary report for 2025-06-30
2025-06-30 15:32:01 | HIGH_TEMP | SENT | HIGH TEMPERATURE ALERT: Plant station recorded 40.6°C at 2025-06-30 21:30:17.296799
2025-07-01 04:32:39 | DAILY_SUMMARY | SENT | Daily summary report for 2025-07-01
2025-07-01 10:32:54 | HIGH_TEMP | SENT | HIGH TEMPERATURE ALERT: Plant station recorded 43.4°C at 2025-07-01 16:30:48.224344
2025-07-01 11:32:59 | HIGH_TEMP | SENT | HIGH TEMPERATURE ALERT: Plant station recorded 44.2°C at 2025-07-01 17:32:09.094966
2025-07-01 14:33:07 | HIGH_TEMP | SENT | HIGH TEMPERATURE ALERT: Plant station recorded 49.3°C at 2025-07-01 20:06:11.713528
2025-07-01 15:33:12 | HIGH_TEMP | SENT | HIGH TEMPERATURE ALERT: Plant station recorded 49.3°C at 2025-07-01 20:06:11.713528
2025-07-01 15:33:15 | PLANT_DATA_AGE | SENT | PLANT DATA AGE ALERT: Plant station data file is 1.45 hours old.
2025-07-01 16:33:22 | HIGH_TEMP | SENT | HIGH TEMPERATURE ALERT: Plant station recorded 49.3°C at 2025-07-01 20:06:11.713528
2025-07-01 16:33:26 | PLANT_DATA_AGE | SENT | PLANT DATA AGE ALERT: Plant station data file is 2.45 hours old.
2025-07-01 17:33:31 | HIGH_TEMP | SENT | HIGH TEMPERATURE ALERT: Plant station recorded 49.3°C at 2025-07-01 20:06:11.713528
2025-07-01 17:33:36 | PLANT_DATA_AGE | SENT | PLANT DATA AGE ALERT: Plant station data file is 3.45 hours old.
2025-07-01 18:33:43 | HIGH_TEMP | SENT | HIGH TEMPERATURE ALERT: Plant station recorded 49.3°C at 2025-07-01 20:06:11.713528
2025-07-01 18:33:47 | PLANT_DATA_AGE | SENT | PLANT DATA AGE ALERT: Plant station data file is 4.45 hours old.
2025-07-01 19:33:58 | HIGH_TEMP | SENT | HIGH TEMPERATURE ALERT: Plant station recorded 49.3°C at 2025-07-01 20:06:11.713528
2025-07-01 19:34:03 | PLANT_DATA_AGE | SENT | PLANT DATA AGE ALERT: Plant station data file is 5.46 hours old.
2025-07-01 20:34:09 | HIGH_TEMP | SENT | HIGH TEMPERATURE ALERT: Plant station recorded 49.3°C at 2025-07-01 20:06:11.713528
2025-07-01 20:34:13 | PLANT_DATA_AGE | SENT | PLANT DATA AGE ALERT: Plant station data file is 6.46 hours old.
2025-07-01 21:34:18 | HIGH_TEMP | SENT | HIGH TEMPERATURE ALERT: Plant station recorded 49.3°C at 2025-07-01 20:06:11.713528
2025-07-01 21:34:21 | PLANT_DATA_AGE | SENT | PLANT DATA AGE ALERT: Plant station data file is 7.46 hours old.
2025-07-01 22:34:26 | HIGH_TEMP | SENT | HIGH TEMPERATURE ALERT: Plant station recorded 49.3°C at 2025-07-01 20:06:11.713528
2025-07-01 22:34:29 | PLANT_DATA_AGE | SENT | PLANT DATA AGE ALERT: Plant station data file is 8.47 hours old.
2025-07-01 22:34:43 | DAILY_SUMMARY | SENT | Daily summary report for 2025-07-01
2025-07-01 23:34:49 | HIGH_TEMP | SENT | HIGH TEMPERATURE ALERT: Plant station recorded 49.3°C at 2025-07-01 20:06:11.713528
2025-07-01 23:34:54 | PLANT_DATA_AGE | SENT | PLANT DATA AGE ALERT: Plant station data file is 9.47 hours old.
2025-07-02 00:35:00 | HIGH_TEMP | SENT | HIGH TEMPERATURE ALERT: Plant station recorded 49.3°C at 2025-07-01 20:06:11.713528
2025-07-02 00:35:04 | PLANT_DATA_AGE | SENT | PLANT DATA AGE ALERT: Plant station data file is 10.48 hours old.
2025-07-02 01:35:08 | HIGH_TEMP | SENT | HIGH TEMPERATURE ALERT: Plant station recorded 49.3°C at 2025-07-01 20:06:11.713528
2025-07-02 01:35:11 | PLANT_DATA_AGE | SENT | PLANT DATA AGE ALERT: Plant station data file is 11.48 hours old.
2025-07-02 02:35:16 | HIGH_TEMP | SENT | HIGH TEMPERATURE ALERT: Plant station recorded 49.3°C at 2025-07-01 20:06:11.713528
2025-07-02 02:35:21 | PLANT_DATA_AGE | SENT | PLANT DATA AGE ALERT: Plant station data file is 12.48 hours old.
2025-07-02 03:35:25 | HIGH_TEMP | SENT | HIGH TEMPERATURE ALERT: Plant station recorded 49.3°C at 2025-07-01 20:06:11.713528
2025-07-02 03:35:28 | PLANT_DATA_AGE | SENT | PLANT DATA AGE ALERT: Plant station data file is 13.48 hours old.
2025-07-02 04:35:34 | HIGH_TEMP | SENT | HIGH TEMPERATURE ALERT: Plant station recorded 49.3°C at 2025-07-01 20:06:11.713528
2025-07-02 04:35:37 | PLANT_DATA_AGE | SENT | PLANT DATA AGE ALERT: Plant station data file is 14.49 hours old.
2025-07-02 05:35:41 | HIGH_TEMP | SENT | HIGH TEMPERATURE ALERT: Plant station recorded 49.3°C at 2025-07-01 20:06:11.713528
2025-07-02 05:35:47 | PLANT_DATA_AGE | SENT | PLANT DATA AGE ALERT: Plant station data file is 15.49 hours old.
2025-07-02 06:35:51 | HIGH_TEMP | SENT | HIGH TEMPERATURE ALERT: Plant station recorded 49.3°C at 2025-07-01 20:06:11.713528
2025-07-02 06:35:56 | PLANT_DATA_AGE | SENT | PLANT DATA AGE ALERT: Plant station data file is 16.49 hours old.
2025-07-02 07:36:01 | HIGH_TEMP | SENT | HIGH TEMPERATURE ALERT: Plant station recorded 49.3°C at 2025-07-01 20:06:11.713528
2025-07-02 07:36:03 | PLANT_DATA_AGE | SENT | PLANT DATA AGE ALERT: Plant station data file is 17.49 hours old.
2025-07-02 08:36:08 | HIGH_TEMP | SENT | HIGH TEMPERATURE ALERT: Plant station recorded 49.3°C at 2025-07-01 20:06:11.713528
2025-07-02 08:36:11 | PLANT_DATA_AGE | SENT | PLANT DATA AGE ALERT: Plant station data file is 18.49 hours old.
2025-07-02 09:36:16 | HIGH_TEMP | SENT | HIGH TEMPERATURE ALERT: Plant station recorded 49.3°C at 2025-07-01 20:06:11.713528
2025-07-02 09:36:18 | PLANT_DATA_AGE | SENT | PLANT DATA AGE ALERT: Plant station data file is 19.50 hours old.
2025-07-02 10:36:22 | HIGH_TEMP | SENT | HIGH TEMPERATURE ALERT: Plant station recorded 49.3°C at 2025-07-01 20:06:11.713528
2025-07-02 10:36:25 | PLANT_DATA_AGE | SENT | PLANT DATA AGE ALERT: Plant station data file is 20.50 hours old.
2025-07-02 11:36:31 | HIGH_TEMP | SENT | HIGH TEMPERATURE ALERT: Plant station recorded 49.3°C at 2025-07-01 20:06:11.713528
2025-07-02 11:36:34 | PLANT_DATA_AGE | SENT | PLANT DATA AGE ALERT: Plant station data file is 21.50 hours old.
2025-07-02 11:37:03 | DAILY_SUMMARY | SENT | Daily summary report for 2025-07-02
2025-07-02 12:37:10 | HIGH_TEMP | SENT | HIGH TEMPERATURE ALERT: Plant station recorded 49.3°C at 2025-07-01 20:06:11.713528
2025-07-02 12:37:14 | PLANT_DATA_AGE | SENT | PLANT DATA AGE ALERT: Plant station data file is 22.51 hours old.
2025-07-02 13:37:18 | HIGH_TEMP | SENT | HIGH TEMPERATURE ALERT: Plant station recorded 49.3°C at 2025-07-01 20:06:11.713528
2025-07-02 13:37:21 | PLANT_DATA_AGE | SENT | PLANT DATA AGE ALERT: Plant station data file is 23.51 hours old.
2025-07-02 14:37:25 | HIGH_TEMP | SENT | HIGH TEMPERATURE ALERT: Plant station recorded 49.3°C at 2025-07-01 20:06:11.713528
2025-07-02 14:37:29 | PLANT_DATA_AGE | SENT | PLANT DATA AGE ALERT: Plant station data file is 24.52 hours old.
2025-07-02 15:37:59 | HIGH_TEMP | SENT | HIGH TEMPERATURE ALERT: Plant station recorded 49.3°C at 2025-07-01 20:06:11.713528
2025-07-02 15:38:22 | PLANT_DATA_AGE | SENT | PLANT DATA AGE ALERT: Plant station data file is 25.53 hours old.
2025-07-02 16:38:27 | HIGH_TEMP | SENT | HIGH TEMPERATURE ALERT: Plant station recorded 49.3°C at 2025-07-01 20:06:11.713528
2025-07-02 16:38:29 | PLANT_DATA_AGE | SENT | PLANT DATA AGE ALERT: Plant station data file is 26.53 hours old.
2025-07-02 17:38:37 | HIGH_TEMP | SENT | HIGH TEMPERATURE ALERT: Plant station recorded 49.3°C at 2025-07-01 20:06:11.713528
2025-07-02 17:38:42 | PLANT_DATA_AGE | SENT | PLANT DATA AGE ALERT: Plant station data file is 27.54 hours old.
2025-07-02 18:38:47 | HIGH_TEMP | SENT | HIGH TEMPERATURE ALERT: Plant station recorded 49.3°C at 2025-07-01 20:06:11.713528
2025-07-02 18:38:53 | PLANT_DATA_AGE | SENT | PLANT DATA AGE ALERT: Plant station data file is 28.54 hours old.
2025-07-02 19:38:57 | HIGH_TEMP | SENT | HIGH TEMPERATURE ALERT: Plant station recorded 49.3°C at 2025-07-01 20:06:11.713528
2025-07-02 19:39:03 | PLANT_DATA_AGE | SENT | PLANT DATA AGE ALERT: Plant station data file is 29.54 hours old.
2025-07-02 20:39:10 | HIGH_TEMP | SENT | HIGH TEMPERATURE ALERT: Plant station recorded 49.3°C at 2025-07-01 20:06:11.713528
2025-07-02 20:39:13 | PLANT_DATA_AGE | SENT | PLANT DATA AGE ALERT: Plant station data file is 30.55 hours old.
2025-07-02 21:39:18 | HIGH_TEMP | SENT | HIGH TEMPERATURE ALERT: Plant station recorded 49.3°C at 2025-07-01 20:06:11.713528
2025-07-02 21:39:23 | PLANT_DATA_AGE | SENT | PLANT DATA AGE ALERT: Plant station data file is 31.55 hours old.
2025-07-02 22:39:29 | HIGH_TEMP | SENT | HIGH TEMPERATURE ALERT: Plant station recorded 49.3°C at 2025-07-01 20:06:11.713528
2025-07-02 22:39:33 | PLANT_DATA_AGE | SENT | PLANT DATA AGE ALERT: Plant station data file is 32.55 hours old.
2025-07-02 23:39:40 | HIGH_TEMP | SENT | HIGH TEMPERATURE ALERT: Plant station recorded 49.3°C at 2025-07-01 20:06:11.713528
2025-07-02 23:39:46 | PLANT_DATA_AGE | SENT | PLANT DATA AGE ALERT: Plant station data file is 33.55 hours old.
2025-07-03 00:39:50 | HIGH_TEMP | SENT | HIGH TEMPERATURE ALERT: Plant station recorded 49.3°C at 2025-07-01 20:06:11.713528
2025-07-03 00:39:55 | PLANT_DATA_AGE | SENT | PLANT DATA AGE ALERT: Plant station data file is 34.56 hours old.
2025-07-03 01:40:00 | HIGH_TEMP | SENT | HIGH TEMPERATURE ALERT: Plant station recorded 49.3°C at 2025-07-01 20:06:11.713528
2025-07-03 01:40:05 | PLANT_DATA_AGE | SENT | PLANT DATA AGE ALERT: Plant station data file is 35.56 hours old.
2025-07-03 01:40:20 | DAILY_SUMMARY | SENT | Daily summary report for 2025-07-03
2025-07-03 02:40:25 | HIGH_TEMP | SENT | HIGH TEMPERATURE ALERT: Plant station recorded 49.3°C at 2025-07-01 20:06:11.713528
2025-07-03 02:40:28 | PLANT_DATA_AGE | SENT | PLANT DATA AGE ALERT: Plant station data file is 36.57 hours old.
2025-07-03 03:40:36 | HIGH_TEMP | SENT | HIGH TEMPERATURE ALERT: Plant station recorded 49.3°C at 2025-07-01 20:06:11.713528
2025-07-03 03:40:41 | PLANT_DATA_AGE | SENT | PLANT DATA AGE ALERT: Plant station data file is 37.57 hours old.
2025-07-03 04:40:47 | HIGH_TEMP | SENT | HIGH TEMPERATURE ALERT: Plant station recorded 49.3°C at 2025-07-01 20:06:11.713528
2025-07-03 04:40:49 | PLANT_DATA_AGE | SENT | PLANT DATA AGE ALERT: Plant station data file is 38.57 hours old.
2025-07-03 05:40:54 | HIGH_TEMP | SENT | HIGH TEMPERATURE ALERT: Plant station recorded 49.3°C at 2025-07-01 20:06:11.713528
2025-07-03 05:40:56 | PLANT_DATA_AGE | SENT | PLANT DATA AGE ALERT: Plant station data file is 39.57 hours old.
2025-07-03 06:41:01 | HIGH_TEMP | SENT | HIGH TEMPERATURE ALERT: Plant station recorded 49.3°C at 2025-07-01 20:06:11.713528
2025-07-03 06:41:06 | PLANT_DATA_AGE | SENT | PLANT DATA AGE ALERT: Plant station data file is 40.58 hours old.
2025-07-03 07:41:14 | HIGH_TEMP | SENT | HIGH TEMPERATURE ALERT: Plant station recorded 49.3°C at 2025-07-01 20:06:11.713528
2025-07-03 07:41:17 | PLANT_DATA_AGE | SENT | PLANT DATA AGE ALERT: Plant station data file is 41.58 hours old.
2025-07-03 08:41:22 | HIGH_TEMP | SENT | HIGH TEMPERATURE ALERT: Plant station recorded 49.3°C at 2025-07-01 20:06:11.713528
2025-07-03 08:41:24 | PLANT_DATA_AGE | SENT | PLANT DATA AGE ALERT: Plant station data file is 42.58 hours old.
2025-07-03 09:41:33 | HIGH_TEMP | SENT | HIGH TEMPERATURE ALERT: Plant station recorded 49.3°C at 2025-07-01 20:06:11.713528
2025-07-03 09:41:35 | PLANT_DATA_AGE | SENT | PLANT DATA AGE ALERT: Plant station data file is 43.58 hours old.
2025-07-03 10:41:40 | HIGH_TEMP | SENT | HIGH TEMPERATURE ALERT: Plant station recorded 49.3°C at 2025-07-01 20:06:11.713528
2025-07-03 10:41:43 | PLANT_DATA_AGE | SENT | PLANT DATA AGE ALERT: Plant station data file is 44.59 hours old.
2025-07-03 11:41:48 | HIGH_TEMP | SENT | HIGH TEMPERATURE ALERT: Plant station recorded 49.3°C at 2025-07-01 20:06:11.713528
2025-07-03 11:41:50 | PLANT_DATA_AGE | SENT | PLANT DATA AGE ALERT: Plant station data file is 45.59 hours old.
2025-07-03 12:41:55 | HIGH_TEMP | SENT | HIGH TEMPERATURE ALERT: Plant station recorded 49.3°C at 2025-07-01 20:06:11.713528
2025-07-03 12:41:58 | PLANT_DATA_AGE | SENT | PLANT DATA AGE ALERT: Plant station data file is 46.59 hours old.
2025-07-03 13:42:02 | HIGH_TEMP | SENT | HIGH TEMPERATURE ALERT: Plant station recorded 49.3°C at 2025-07-01 20:06:11.713528
2025-07-03 13:42:05 | PLANT_DATA_AGE | SENT | PLANT DATA AGE ALERT: Plant station data file is 47.59 hours old.
2025-07-03 14:42:10 | HIGH_TEMP | SENT | HIGH TEMPERATURE ALERT: Plant station recorded 49.3°C at 2025-07-01 20:06:11.713528
2025-07-03 14:42:14 | PLANT_DATA_AGE | SENT | PLANT DATA AGE ALERT: Plant station data file is 48.60 hours old.
2025-07-03 15:42:19 | HIGH_TEMP | SENT | HIGH TEMPERATURE ALERT: Plant station recorded 49.3°C at 2025-07-01 20:06:11.713528
2025-07-03 15:42:22 | PLANT_DATA_AGE | SENT | PLANT DATA AGE ALERT: Plant station data file is 49.60 hours old.
2025-07-03 16:42:26 | HIGH_TEMP | SENT | HIGH TEMPERATURE ALERT: Plant station recorded 49.3°C at 2025-07-01 20:06:11.713528
2025-07-03 16:42:30 | PLANT_DATA_AGE | SENT | PLANT DATA AGE ALERT: Plant station data file is 50.60 hours old.
2025-07-03 17:42:36 | HIGH_TEMP | SENT | HIGH TEMPERATURE ALERT: Plant station recorded 49.3°C at 2025-07-01 20:06:11.713528
2025-07-03 17:42:40 | PLANT_DATA_AGE | SENT | PLANT DATA AGE ALERT: Plant station data file is 51.60 hours old.
2025-07-03 17:43:02 | DAILY_SUMMARY | SENT | Daily summary report for 2025-07-03
2025-07-03 18:43:09 | HIGH_TEMP | SENT | HIGH TEMPERATURE ALERT: Plant station recorded 49.3°C at 2025-07-01 20:06:11.713528
2025-07-03 18:43:14 | PLANT_DATA_AGE | SENT | PLANT DATA AGE ALERT: Plant station data file is 52.61 hours old.
2025-07-03 19:43:20 | HIGH_TEMP | SENT | HIGH TEMPERATURE ALERT: Plant station recorded 49.3°C at 2025-07-01 20:06:11.713528
2025-07-03 19:43:24 | PLANT_DATA_AGE | SENT | PLANT DATA AGE ALERT: Plant station data file is 53.61 hours old.
2025-07-03 20:43:30 | HIGH_TEMP | SENT | HIGH TEMPERATURE ALERT: Plant station recorded 49.3°C at 2025-07-01 20:06:11.713528
2025-07-03 20:43:35 | PLANT_DATA_AGE | SENT | PLANT DATA AGE ALERT: Plant station data file is 54.62 hours old.
2025-07-03 21:43:41 | HIGH_TEMP | SENT | HIGH TEMPERATURE ALERT: Plant station recorded 49.3°C at 2025-07-01 20:06:11.713528
2025-07-03 21:43:43 | PLANT_DATA_AGE | SENT | PLANT DATA AGE ALERT: Plant station data file is 55.62 hours old.
2025-07-03 22:43:48 | HIGH_TEMP | SENT | HIGH TEMPERATURE ALERT: Plant station recorded 49.3°C at 2025-07-01 20:06:11.713528
2025-07-03 22:43:52 | PLANT_DATA_AGE | SENT | PLANT DATA AGE ALERT: Plant station data file is 56.62 hours old.
2025-07-03 23:43:59 | HIGH_TEMP | SENT | HIGH TEMPERATURE ALERT: Plant station recorded 49.3°C at 2025-07-01 20:06:11.713528
2025-07-03 23:44:02 | PLANT_DATA_AGE | SENT | PLANT DATA AGE ALERT: Plant station data file is 57.63 hours old.
2025-07-04 00:44:09 | HIGH_TEMP | SENT | HIGH TEMPERATURE ALERT: Plant station recorded 49.3°C at 2025-07-01 20:06:11.713528
2025-07-04 00:44:12 | PLANT_DATA_AGE | SENT | PLANT DATA AGE ALERT: Plant station data file is 58.63 hours old.
2025-07-04 01:44:18 | HIGH_TEMP | SENT | HIGH TEMPERATURE ALERT: Plant station recorded 49.3°C at 2025-07-01 20:06:11.713528
2025-07-04 01:44:24 | PLANT_DATA_AGE | SENT | PLANT DATA AGE ALERT: Plant station data file is 59.63 hours old.
2025-07-04 02:44:30 | HIGH_TEMP | SENT | HIGH TEMPERATURE ALERT: Plant station recorded 49.3°C at 2025-07-01 20:06:11.713528
2025-07-04 02:44:34 | PLANT_DATA_AGE | SENT | PLANT DATA AGE ALERT: Plant station data file is 60.63 hours old.
2025-07-04 03:44:40 | HIGH_TEMP | SENT | HIGH TEMPERATURE ALERT: Plant station recorded 49.3°C at 2025-07-01 20:06:11.713528
2025-07-04 03:44:44 | PLANT_DATA_AGE | SENT | PLANT DATA AGE ALERT: Plant station data file is 61.64 hours old.
2025-07-04 04:44:51 | HIGH_TEMP | SENT | HIGH TEMPERATURE ALERT: Plant station recorded 49.3°C at 2025-07-01 20:06:11.713528
2025-07-04 04:44:54 | PLANT_DATA_AGE | SENT | PLANT DATA AGE ALERT: Plant station data file is 62.64 hours old.
2025-07-04 05:45:00 | HIGH_TEMP | SENT | HIGH TEMPERATURE ALERT: Plant station recorded 49.3°C at 2025-07-01 20:06:11.713528
2025-07-04 05:45:03 | PLANT_DATA_AGE | SENT | PLANT DATA AGE ALERT: Plant station data file is 63.64 hours old.
2025-07-04 06:45:08 | HIGH_TEMP | SENT | HIGH TEMPERATURE ALERT: Plant station recorded 49.3°C at 2025-07-01 20:06:11.713528
2025-07-04 06:45:11 | PLANT_DATA_AGE | SENT | PLANT DATA AGE ALERT: Plant station data file is 64.64 hours old.
2025-07-04 07:45:15 | HIGH_TEMP | SENT | HIGH TEMPERATURE ALERT: Plant station recorded 49.3°C at 2025-07-01 20:06:11.713528
2025-07-04 07:45:19 | PLANT_DATA_AGE | SENT | PLANT DATA AGE ALERT: Plant station data file is 65.65 hours old.
2025-07-04 08:45:23 | HIGH_TEMP | SENT | HIGH TEMPERATURE ALERT: Plant station recorded 49.3°C at 2025-07-01 20:06:11.713528
2025-07-04 08:45:26 | PLANT_DATA_AGE | SENT | PLANT DATA AGE ALERT: Plant station data file is 66.65 hours old.
2025-07-04 09:45:30 | HIGH_TEMP | SENT | HIGH TEMPERATURE ALERT: Plant station recorded 49.3°C at 2025-07-01 20:06:11.713528
2025-07-04 09:45:33 | PLANT_DATA_AGE | SENT | PLANT DATA AGE ALERT: Plant station data file is 67.65 hours old.
2025-07-04 10:45:38 | HIGH_TEMP | SENT | HIGH TEMPERATURE ALERT: Plant station recorded 49.3°C at 2025-07-01 20:06:11.713528
2025-07-04 10:45:41 | PLANT_DATA_AGE | SENT | PLANT DATA AGE ALERT: Plant station data file is 68.65 hours old.
2025-07-04 11:45:45 | HIGH_TEMP | SENT | HIGH TEMPERATURE ALERT: Plant station recorded 49.3°C at 2025-07-01 20:06:11.713528
2025-07-04 11:45:49 | PLANT_DATA_AGE | SENT | PLANT DATA AGE ALERT: Plant station data file is 69.65 hours old.
2025-07-04 12:45:53 | HIGH_TEMP | SENT | HIGH TEMPERATURE ALERT: Plant station recorded 49.3°C at 2025-07-01 20:06:11.713528
2025-07-04 12:45:57 | PLANT_DATA_AGE | SENT | PLANT DATA AGE ALERT: Plant station data file is 70.66 hours old.
2025-07-04 13:46:03 | HIGH_TEMP | SENT | HIGH TEMPERATURE ALERT: Plant station recorded 49.3°C at 2025-07-01 20:06:11.713528
2025-07-04 13:46:06 | PLANT_DATA_AGE | SENT | PLANT DATA AGE ALERT: Plant station data file is 71.66 hours old.
2025-07-04 14:46:13 | HIGH_TEMP | SENT | HIGH TEMPERATURE ALERT: Plant station recorded 49.3°C at 2025-07-01 20:06:11.713528
2025-07-04 14:46:16 | PLANT_DATA_AGE | SENT | PLANT DATA AGE ALERT: Plant station data file is 72.66 hours old.
2025-07-04 14:46:41 | DAILY_SUMMARY | SENT | Daily summary report for 2025-07-04
2025-07-04 15:46:48 | HIGH_TEMP | SENT | HIGH TEMPERATURE ALERT: Plant station recorded 49.3°C at 2025-07-01 20:06:11.713528
2025-07-04 15:46:52 | PLANT_DATA_AGE | SENT | PLANT DATA AGE ALERT: Plant station data file is 73.67 hours old.
2025-07-04 16:46:58 | HIGH_TEMP | SENT | HIGH TEMPERATURE ALERT: Plant station recorded 49.3°C at 2025-07-01 20:06:11.713528
2025-07-04 16:47:03 | PLANT_DATA_AGE | SENT | PLANT DATA AGE ALERT: Plant station data file is 74.68 hours old.
2025-07-04 17:47:10 | HIGH_TEMP | SENT | HIGH TEMPERATURE ALERT: Plant station recorded 49.3°C at 2025-07-01 20:06:11.713528
2025-07-04 17:47:14 | PLANT_DATA_AGE | SENT | PLANT DATA AGE ALERT: Plant station data file is 75.68 hours old.
2025-07-04 18:47:19 | HIGH_TEMP | SENT | HIGH TEMPERATURE ALERT: Plant station recorded 49.3°C at 2025-07-01 20:06:11.713528
2025-07-04 18:47:24 | PLANT_DATA_AGE | SENT | PLANT DATA AGE ALERT: Plant station data file is 76.68 hours old.
2025-07-04 19:47:29 | HIGH_TEMP | SENT | HIGH TEMPERATURE ALERT: Plant station recorded 49.3°C at 2025-07-01 20:06:11.713528
2025-07-04 19:47:31 | PLANT_DATA_AGE | SENT | PLANT DATA AGE ALERT: Plant station data file is 77.68 hours old.
2025-07-04 20:47:36 | HIGH_TEMP | SENT | HIGH TEMPERATURE ALERT: Plant station recorded 49.3°C at 2025-07-01 20:06:11.713528
2025-07-04 20:47:41 | PLANT_DATA_AGE | SENT | PLANT DATA AGE ALERT: Plant station data file is 78.69 hours old.
2025-07-04 21:47:46 | HIGH_TEMP | SENT | HIGH TEMPERATURE ALERT: Plant station recorded 49.3°C at 2025-07-01 20:06:11.713528
2025-07-04 21:47:50 | PLANT_DATA_AGE | SENT | PLANT DATA AGE ALERT: Plant station data file is 79.69 hours old.
2025-07-04 22:47:58 | HIGH_TEMP | SENT | HIGH TEMPERATURE ALERT: Plant station recorded 49.3°C at 2025-07-01 20:06:11.713528
2025-07-04 22:48:01 | PLANT_DATA_AGE | SENT | PLANT DATA AGE ALERT: Plant station data file is 80.69 hours old.
2025-07-04 23:48:08 | HIGH_TEMP | SENT | HIGH TEMPERATURE ALERT: Plant station recorded 49.3°C at 2025-07-01 20:06:11.713528
2025-07-04 23:48:12 | PLANT_DATA_AGE | SENT | PLANT DATA AGE ALERT: Plant station data file is 81.69 hours old.
2025-07-05 00:48:20 | HIGH_TEMP | SENT | HIGH TEMPERATURE ALERT: Plant station recorded 49.3°C at 2025-07-01 20:06:11.713528
2025-07-05 00:48:26 | PLANT_DATA_AGE | SENT | PLANT DATA AGE ALERT: Plant station data file is 82.70 hours old.
2025-07-05 01:48:31 | HIGH_TEMP | SENT | HIGH TEMPERATURE ALERT: Plant station recorded 49.3°C at 2025-07-01 20:06:11.713528
2025-07-05 01:48:36 | PLANT_DATA_AGE | SENT | PLANT DATA AGE ALERT: Plant station data file is 83.70 hours old.
2025-07-05 02:48:42 | HIGH_TEMP | SENT | HIGH TEMPERATURE ALERT: Plant station recorded 49.3°C at 2025-07-01 20:06:11.713528
2025-07-05 02:48:46 | PLANT_DATA_AGE | SENT | PLANT DATA AGE ALERT: Plant station data file is 84.70 hours old.
2025-07-05 03:48:52 | HIGH_TEMP | SENT | HIGH TEMPERATURE ALERT: Plant station recorded 49.3°C at 2025-07-01 20:06:11.713528
2025-07-05 03:48:57 | PLANT_DATA_AGE | SENT | PLANT DATA AGE ALERT: Plant station data file is 85.71 hours old.
2025-07-05 04:49:03 | HIGH_TEMP | SENT | HIGH TEMPERATURE ALERT: Plant station recorded 49.3°C at 2025-07-01 20:06:11.713528
2025-07-05 04:49:06 | PLANT_DATA_AGE | SENT | PLANT DATA AGE ALERT: Plant station data file is 86.71 hours old.
2025-07-05 05:49:12 | HIGH_TEMP | SENT | HIGH TEMPERATURE ALERT: Plant station recorded 49.3°C at 2025-07-01 20:06:11.713528
2025-07-05 05:49:15 | PLANT_DATA_AGE | SENT | PLANT DATA AGE ALERT: Plant station data file is 87.71 hours old.
2025-07-05 06:49:19 | HIGH_TEMP | SENT | HIGH TEMPERATURE ALERT: Plant station recorded 49.3°C at 2025-07-01 20:06:11.713528
2025-07-05 06:49:22 | PLANT_DATA_AGE | SENT | PLANT DATA AGE ALERT: Plant station data file is 88.71 hours old.
2025-07-05 07:49:27 | HIGH_TEMP | SENT | HIGH TEMPERATURE ALERT: Plant station recorded 49.3°C at 2025-07-01 20:06:11.713528
2025-07-05 07:49:31 | PLANT_DATA_AGE | SENT | PLANT DATA AGE ALERT: Plant station data file is 89.72 hours old.
2025-07-05 08:49:37 | HIGH_TEMP | SENT | HIGH TEMPERATURE ALERT: Plant station recorded 49.3°C at 2025-07-01 20:06:11.713528
2025-07-05 08:49:42 | PLANT_DATA_AGE | SENT | PLANT DATA AGE ALERT: Plant station data file is 90.72 hours old.
2025-07-05 09:49:48 | HIGH_TEMP | SENT | HIGH TEMPERATURE ALERT: Plant station recorded 49.3°C at 2025-07-01 20:06:11.713528
2025-07-05 09:49:51 | PLANT_DATA_AGE | SENT | PLANT DATA AGE ALERT: Plant station data file is 91.72 hours old.
2025-07-05 10:49:56 | HIGH_TEMP | SENT | HIGH TEMPERATURE ALERT: Plant station recorded 49.3°C at 2025-07-01 20:06:11.713528
2025-07-05 10:50:00 | PLANT_DATA_AGE | SENT | PLANT DATA AGE ALERT: Plant station data file is 92.72 hours old.
2025-07-05 11:50:05 | HIGH_TEMP | SENT | HIGH TEMPERATURE ALERT: Plant station recorded 49.3°C at 2025-07-01 20:06:11.713528
2025-07-05 11:50:09 | PLANT_DATA_AGE | SENT | PLANT DATA AGE ALERT: Plant station data file is 93.73 hours old.
2025-07-05 12:50:15 | HIGH_TEMP | SENT | HIGH TEMPERATURE ALERT: Plant station recorded 49.3°C at 2025-07-01 20:06:11.713528
2025-07-05 12:50:19 | PLANT_DATA_AGE | SENT | PLANT DATA AGE ALERT: Plant station data file is 94.73 hours old.
2025-07-05 12:50:44 | DAILY_SUMMARY | SENT | Daily summary report for 2025-07-05
2025-07-05 13:50:50 | HIGH_TEMP | SENT | HIGH TEMPERATURE ALERT: Plant station recorded 49.3°C at 2025-07-01 20:06:11.713528
2025-07-05 13:50:54 | PLANT_DATA_AGE | SENT | PLANT DATA AGE ALERT: Plant station data file is 95.74 hours old.
2025-07-05 14:50:58 | HIGH_TEMP | SENT | HIGH TEMPERATURE ALERT: Plant station recorded 49.3°C at 2025-07-01 20:06:11.713528
2025-07-05 14:51:01 | PLANT_DATA_AGE | SENT | PLANT DATA AGE ALERT: Plant station data file is 96.74 hours old.
2025-07-05 15:51:06 | HIGH_TEMP | SENT | HIGH TEMPERATURE ALERT: Plant station recorded 49.3°C at 2025-07-01 20:06:11.713528
2025-07-05 15:51:09 | PLANT_DATA_AGE | SENT | PLANT DATA AGE ALERT: Plant station data file is 97.74 hours old.
2025-07-05 16:51:14 | HIGH_TEMP | SENT | HIGH TEMPERATURE ALERT: Plant station recorded 49.3°C at 2025-07-01 20:06:11.713528
2025-07-05 16:51:18 | PLANT_DATA_AGE | SENT | PLANT DATA AGE ALERT: Plant station data file is 98.75 hours old.
2025-07-05 17:51:23 | HIGH_TEMP | SENT | HIGH TEMPERATURE ALERT: Plant station recorded 49.3°C at 2025-07-01 20:06:11.713528
2025-07-05 17:51:28 | PLANT_DATA_AGE | SENT | PLANT DATA AGE ALERT: Plant station data file is 99.75 hours old.
2025-07-05 18:51:35 | HIGH_TEMP | SENT | HIGH TEMPERATURE ALERT: Plant station recorded 49.3°C at 2025-07-01 20:06:11.713528
2025-07-05 18:51:39 | PLANT_DATA_AGE | SENT | PLANT DATA AGE ALERT: Plant station data file is 100.75 hours old.
2025-07-05 19:51:45 | HIGH_TEMP | SENT | HIGH TEMPERATURE ALERT: Plant station recorded 49.3°C at 2025-07-01 20:06:11.713528
2025-07-05 19:51:49 | PLANT_DATA_AGE | SENT | PLANT DATA AGE ALERT: Plant station data file is 101.75 hours old.
2025-07-05 20:51:56 | HIGH_TEMP | SENT | HIGH TEMPERATURE ALERT: Plant station recorded 49.3°C at 2025-07-01 20:06:11.713528
2025-07-05 20:52:00 | PLANT_DATA_AGE | SENT | PLANT DATA AGE ALERT: Plant station data file is 102.76 hours old.
2025-07-05 21:52:05 | HIGH_TEMP | SENT | HIGH TEMPERATURE ALERT: Plant station recorded 49.3°C at 2025-07-01 20:06:11.713528
2025-07-05 21:52:09 | PLANT_DATA_AGE | SENT | PLANT DATA AGE ALERT: Plant station data file is 103.76 hours old.
2025-07-05 22:52:16 | HIGH_TEMP | SENT | HIGH TEMPERATURE ALERT: Plant station recorded 49.3°C at 2025-07-01 20:06:11.713528
2025-07-05 22:52:22 | PLANT_DATA_AGE | SENT | PLANT DATA AGE ALERT: Plant station data file is 104.76 hours old.
2025-07-05 23:52:28 | HIGH_TEMP | SENT | HIGH TEMPERATURE ALERT: Plant station recorded 49.3°C at 2025-07-01 20:06:11.713528
2025-07-05 23:52:33 | PLANT_DATA_AGE | SENT | PLANT DATA AGE ALERT: Plant station data file is 105.77 hours old.
2025-07-06 00:52:39 | HIGH_TEMP | SENT | HIGH TEMPERATURE ALERT: Plant station recorded 49.3°C at 2025-07-01 20:06:11.713528
2025-07-06 00:52:44 | PLANT_DATA_AGE | SENT | PLANT DATA AGE ALERT: Plant station data file is 106.77 hours old.
2025-07-06 01:52:52 | HIGH_TEMP | SENT | HIGH TEMPERATURE ALERT: Plant station recorded 49.3°C at 2025-07-01 20:06:11.713528
2025-07-06 01:52:57 | PLANT_DATA_AGE | SENT | PLANT DATA AGE ALERT: Plant station data file is 107.77 hours old.
2025-07-06 02:53:03 | HIGH_TEMP | SENT | HIGH TEMPERATURE ALERT: Plant station recorded 49.3°C at 2025-07-01 20:06:11.713528
2025-07-06 02:53:08 | PLANT_DATA_AGE | SENT | PLANT DATA AGE ALERT: Plant station data file is 108.78 hours old.
2025-07-06 03:53:14 | HIGH_TEMP | SENT | HIGH TEMPERATURE ALERT: Plant station recorded 49.3°C at 2025-07-01 20:06:11.713528
2025-07-06 03:53:18 | PLANT_DATA_AGE | SENT | PLANT DATA AGE ALERT: Plant station data file is 109.78 hours old.
2025-07-06 04:53:26 | HIGH_TEMP | SENT | HIGH TEMPERATURE ALERT: Plant station recorded 49.3°C at 2025-07-01 20:06:11.713528
2025-07-06 04:53:31 | PLANT_DATA_AGE | SENT | PLANT DATA AGE ALERT: Plant station data file is 110.78 hours old.
2025-07-06 05:53:37 | HIGH_TEMP | SENT | HIGH TEMPERATURE ALERT: Plant station recorded 49.3°C at 2025-07-01 20:06:11.713528
2025-07-06 05:53:42 | PLANT_DATA_AGE | SENT | PLANT DATA AGE ALERT: Plant station data file is 111.79 hours old.
2025-07-06 05:54:06 | DAILY_SUMMARY | SENT | Daily summary report for 2025-07-06
2025-07-06 06:54:12 | HIGH_TEMP | SENT | HIGH TEMPERATURE ALERT: Plant station recorded 49.3°C at 2025-07-01 20:06:11.713528
2025-07-06 06:54:16 | PLANT_DATA_AGE | SENT | PLANT DATA AGE ALERT: Plant station data file is 112.80 hours old.
2025-07-06 07:54:23 | HIGH_TEMP | SENT | HIGH TEMPERATURE ALERT: Plant station recorded 49.3°C at 2025-07-01 20:06:11.713528
2025-07-06 07:54:27 | PLANT_DATA_AGE | SENT | PLANT DATA AGE ALERT: Plant station data file is 113.80 hours old.
2025-07-06 08:54:33 | HIGH_TEMP | SENT | HIGH TEMPERATURE ALERT: Plant station recorded 49.3°C at 2025-07-01 20:06:11.713528
2025-07-06 08:54:35 | PLANT_DATA_AGE | SENT | PLANT DATA AGE ALERT: Plant station data file is 114.80 hours old.
2025-07-06 09:54:41 | HIGH_TEMP | SENT | HIGH TEMPERATURE ALERT: Plant station recorded 49.3°C at 2025-07-01 20:06:11.713528
2025-07-06 09:54:44 | PLANT_DATA_AGE | SENT | PLANT DATA AGE ALERT: Plant station data file is 115.80 hours old.
2025-07-06 10:54:49 | HIGH_TEMP | SENT | HIGH TEMPERATURE ALERT: Plant station recorded 49.3°C at 2025-07-01 20:06:11.713528
2025-07-06 10:54:53 | PLANT_DATA_AGE | SENT | PLANT DATA AGE ALERT: Plant station data file is 116.81 hours old.
2025-07-06 11:54:57 | HIGH_TEMP | SENT | HIGH TEMPERATURE ALERT: Plant station recorded 49.3°C at 2025-07-01 20:06:11.713528
2025-07-06 11:55:02 | PLANT_DATA_AGE | SENT | PLANT DATA AGE ALERT: Plant station data file is 117.81 hours old.
2025-07-06 12:55:07 | HIGH_TEMP | SENT | HIGH TEMPERATURE ALERT: Plant station recorded 49.3°C at 2025-07-01 20:06:11.713528
2025-07-06 12:55:11 | PLANT_DATA_AGE | SENT | PLANT DATA AGE ALERT: Plant station data file is 118.81 hours old.
2025-07-06 13:55:16 | HIGH_TEMP | SENT | HIGH TEMPERATURE ALERT: Plant station recorded 49.3°C at 2025-07-01 20:06:11.713528
2025-07-06 13:55:22 | PLANT_DATA_AGE | SENT | PLANT DATA AGE ALERT: Plant station data file is 119.81 hours old.
2025-07-06 14:55:28 | HIGH_TEMP | SENT | HIGH TEMPERATURE ALERT: Plant station recorded 49.3°C at 2025-07-01 20:06:11.713528
2025-07-06 14:55:31 | PLANT_DATA_AGE | SENT | PLANT DATA AGE ALERT: Plant station data file is 120.82 hours old.
2025-07-06 15:55:37 | HIGH_TEMP | SENT | HIGH TEMPERATURE ALERT: Plant station recorded 49.3°C at 2025-07-01 20:06:11.713528
2025-07-06 15:55:42 | PLANT_DATA_AGE | SENT | PLANT DATA AGE ALERT: Plant station data file is 121.82 hours old.
2025-07-06 16:55:46 | HIGH_TEMP | SENT | HIGH TEMPERATURE ALERT: Plant station recorded 49.3°C at 2025-07-01 20:06:11.713528
2025-07-06 16:55:49 | PLANT_DATA_AGE | SENT | PLANT DATA AGE ALERT: Plant station data file is 122.82 hours old.
2025-07-06 17:55:57 | HIGH_TEMP | SENT | HIGH TEMPERATURE ALERT: Plant station recorded 49.3°C at 2025-07-01 20:06:11.713528
2025-07-06 17:55:59 | PLANT_DATA_AGE | SENT | PLANT DATA AGE ALERT: Plant station data file is 123.82 hours old.
2025-07-06 18:56:06 | HIGH_TEMP | SENT | HIGH TEMPERATURE ALERT: Plant station recorded 49.3°C at 2025-07-01 20:06:11.713528
2025-07-06 18:56:11 | PLANT_DATA_AGE | SENT | PLANT DATA AGE ALERT: Plant station data file is 124.83 hours old.
2025-07-06 19:56:17 | HIGH_TEMP | SENT | HIGH TEMPERATURE ALERT: Plant station recorded 49.3°C at 2025-07-01 20:06:11.713528
2025-07-06 19:56:20 | PLANT_DATA_AGE | SENT | PLANT DATA AGE ALERT: Plant station data file is 125.83 hours old.
2025-07-06 20:56:25 | HIGH_TEMP | SENT | HIGH TEMPERATURE ALERT: Plant station recorded 49.3°C at 2025-07-01 20:06:11.713528
2025-07-06 20:56:27 | PLANT_DATA_AGE | SENT | PLANT DATA AGE ALERT: Plant station data file is 126.83 hours old.
2025-07-06 21:56:32 | HIGH_TEMP | SENT | HIGH TEMPERATURE ALERT: Plant station recorded 49.3°C at 2025-07-01 20:06:11.713528
2025-07-06 21:56:34 | PLANT_DATA_AGE | SENT | PLANT DATA AGE ALERT: Plant station data file is 127.83 hours old.
2025-07-06 21:56:48 | DAILY_SUMMARY | SENT | Daily summary report for 2025-07-06
2025-07-06 22:56:52 | HIGH_TEMP | SENT | HIGH TEMPERATURE ALERT: Plant station recorded 49.3°C at 2025-07-01 20:06:11.713528
2025-07-06 22:56:55 | PLANT_DATA_AGE | SENT | PLANT DATA AGE ALERT: Plant station data file is 128.84 hours old.
2025-07-06 23:57:00 | HIGH_TEMP | SENT | HIGH TEMPERATURE ALERT: Plant station recorded 49.3°C at 2025-07-01 20:06:11.713528
2025-07-06 23:57:04 | PLANT_DATA_AGE | SENT | PLANT DATA AGE ALERT: Plant station data file is 129.84 hours old.
2025-07-07 00:57:08 | HIGH_TEMP | SENT | HIGH TEMPERATURE ALERT: Plant station recorded 49.3°C at 2025-07-01 20:06:11.713528
2025-07-07 00:57:10 | PLANT_DATA_AGE | SENT | PLANT DATA AGE ALERT: Plant station data file is 130.84 hours old.
2025-07-07 01:57:17 | HIGH_TEMP | SENT | HIGH TEMPERATURE ALERT: Plant station recorded 49.3°C at 2025-07-01 20:06:11.713528
2025-07-07 01:57:20 | PLANT_DATA_AGE | SENT | PLANT DATA AGE ALERT: Plant station data file is 131.85 hours old.
2025-07-07 02:57:24 | HIGH_TEMP | SENT | HIGH TEMPERATURE ALERT: Plant station recorded 49.3°C at 2025-07-01 20:06:11.713528
2025-07-07 02:57:28 | PLANT_DATA_AGE | SENT | PLANT DATA AGE ALERT: Plant station data file is 132.85 hours old.
2025-07-07 03:57:34 | HIGH_TEMP | SENT | HIGH TEMPERATURE ALERT: Plant station recorded 49.3°C at 2025-07-01 20:06:11.713528
2025-07-07 03:57:36 | PLANT_DATA_AGE | SENT | PLANT DATA AGE ALERT: Plant station data file is 133.85 hours old.
2025-07-07 04:57:41 | HIGH_TEMP | SENT | HIGH TEMPERATURE ALERT: Plant station recorded 49.3°C at 2025-07-01 20:06:11.713528
2025-07-07 04:57:44 | PLANT_DATA_AGE | SENT | PLANT DATA AGE ALERT: Plant station data file is 134.85 hours old.
2025-07-07 05:57:48 | HIGH_TEMP | SENT | HIGH TEMPERATURE ALERT: Plant station recorded 49.3°C at 2025-07-01 20:06:11.713528
2025-07-07 05:57:51 | PLANT_DATA_AGE | SENT | PLANT DATA AGE ALERT: Plant station data file is 135.86 hours old.
2025-07-07 06:57:55 | HIGH_TEMP | SENT | HIGH TEMPERATURE ALERT: Plant station recorded 49.3°C at 2025-07-01 20:06:11.713528
2025-07-07 06:57:57 | PLANT_DATA_AGE | SENT | PLANT DATA AGE ALERT: Plant station data file is 136.86 hours old.
2025-07-07 07:58:01 | HIGH_TEMP | SENT | HIGH TEMPERATURE ALERT: Plant station recorded 49.3°C at 2025-07-01 20:06:11.713528
2025-07-07 07:58:03 | PLANT_DATA_AGE | SENT | PLANT DATA AGE ALERT: Plant station data file is 137.86 hours old.
2025-07-07 08:58:08 | HIGH_TEMP | SENT | HIGH TEMPERATURE ALERT: Plant station recorded 49.3°C at 2025-07-01 20:06:11.713528
2025-07-07 08:58:10 | PLANT_DATA_AGE | SENT | PLANT DATA AGE ALERT: Plant station data file is 138.86 hours old.
2025-07-07 09:58:15 | HIGH_TEMP | SENT | HIGH TEMPERATURE ALERT: Plant station recorded 49.3°C at 2025-07-01 20:06:11.713528
2025-07-07 09:58:18 | PLANT_DATA_AGE | SENT | PLANT DATA AGE ALERT: Plant station data file is 139.86 hours old.
2025-07-07 10:58:22 | HIGH_TEMP | SENT | HIGH TEMPERATURE ALERT: Plant station recorded 49.3°C at 2025-07-01 20:06:11.713528
2025-07-07 10:58:25 | PLANT_DATA_AGE | SENT | PLANT DATA AGE ALERT: Plant station data file is 140.87 hours old.
2025-07-07 11:58:29 | HIGH_TEMP | SENT | HIGH TEMPERATURE ALERT: Plant station recorded 49.3°C at 2025-07-01 20:06:11.713528
2025-07-07 11:58:32 | PLANT_DATA_AGE | SENT | PLANT DATA AGE ALERT: Plant station data file is 141.87 hours old.
2025-07-07 12:58:36 | HIGH_TEMP | SENT | HIGH TEMPERATURE ALERT: Plant station recorded 49.3°C at 2025-07-01 20:06:11.713528
2025-07-07 12:58:39 | PLANT_DATA_AGE | SENT | PLANT DATA AGE ALERT: Plant station data file is 142.87 hours old.
2025-07-07 13:58:44 | HIGH_TEMP | SENT | HIGH TEMPERATURE ALERT: Plant station recorded 49.3°C at 2025-07-01 20:06:11.713528
2025-07-07 13:58:47 | PLANT_DATA_AGE | SENT | PLANT DATA AGE ALERT: Plant station data file is 143.87 hours old.
2025-07-07 14:58:51 | HIGH_TEMP | SENT | HIGH TEMPERATURE ALERT: Plant station recorded 49.3°C at 2025-07-01 20:06:11.713528
2025-07-07 14:58:53 | PLANT_DATA_AGE | SENT | PLANT DATA AGE ALERT: Plant station data file is 144.87 hours old.
2025-07-07 14:59:11 | DAILY_SUMMARY | SENT | Daily summary report for 2025-07-07
2025-07-07 15:59:16 | HIGH_TEMP | SENT | HIGH TEMPERATURE ALERT: Plant station recorded 49.3°C at 2025-07-01 20:06:11.713528
2025-07-07 15:59:20 | PLANT_DATA_AGE | SENT | PLANT DATA AGE ALERT: Plant station data file is 145.88 hours old.
2025-07-07 16:59:25 | HIGH_TEMP | SENT | HIGH TEMPERATURE ALERT: Plant station recorded 49.3°C at 2025-07-01 20:06:11.713528
2025-07-07 16:59:28 | PLANT_DATA_AGE | SENT | PLANT DATA AGE ALERT: Plant station data file is 146.88 hours old.
2025-07-07 17:59:33 | HIGH_TEMP | SENT | HIGH TEMPERATURE ALERT: Plant station recorded 49.3°C at 2025-07-01 20:06:11.713528
2025-07-07 17:59:36 | PLANT_DATA_AGE | SENT | PLANT DATA AGE ALERT: Plant station data file is 147.88 hours old.
2025-07-07 18:59:41 | HIGH_TEMP | SENT | HIGH TEMPERATURE ALERT: Plant station recorded 49.3°C at 2025-07-01 20:06:11.713528
2025-07-07 18:59:44 | PLANT_DATA_AGE | SENT | PLANT DATA AGE ALERT: Plant station data file is 148.89 hours old.
2025-07-07 19:59:50 | HIGH_TEMP | SENT | HIGH TEMPERATURE ALERT: Plant station recorded 49.3°C at 2025-07-01 20:06:11.713528
2025-07-07 19:59:54 | PLANT_DATA_AGE | SENT | PLANT DATA AGE ALERT: Plant station data file is 149.89 hours old.
2025-07-07 20:59:59 | HIGH_TEMP | SENT | HIGH TEMPERATURE ALERT: Plant station recorded 49.3°C at 2025-07-01 20:06:11.713528
2025-07-07 21:00:02 | PLANT_DATA_AGE | SENT | PLANT DATA AGE ALERT: Plant station data file is 150.89 hours old.
2025-07-07 22:00:07 | HIGH_TEMP | SENT | HIGH TEMPERATURE ALERT: Plant station recorded 49.3°C at 2025-07-01 20:06:11.713528
2025-07-07 22:00:11 | PLANT_DATA_AGE | SENT | PLANT DATA AGE ALERT: Plant station data file is 151.89 hours old.
2025-07-07 23:00:17 | HIGH_TEMP | SENT | HIGH TEMPERATURE ALERT: Plant station recorded 49.3°C at 2025-07-01 20:06:11.713528
2025-07-07 23:00:21 | PLANT_DATA_AGE | SENT | PLANT DATA AGE ALERT: Plant station data file is 152.90 hours old.
2025-07-08 00:00:28 | HIGH_TEMP | SENT | HIGH TEMPERATURE ALERT: Plant station recorded 49.3°C at 2025-07-01 20:06:11.713528
2025-07-08 00:00:31 | PLANT_DATA_AGE | SENT | PLANT DATA AGE ALERT: Plant station data file is 153.90 hours old.
2025-07-08 01:00:37 | HIGH_TEMP | SENT | HIGH TEMPERATURE ALERT: Plant station recorded 49.3°C at 2025-07-01 20:06:11.713528
2025-07-08 01:00:40 | PLANT_DATA_AGE | SENT | PLANT DATA AGE ALERT: Plant station data file is 154.90 hours old.
2025-07-08 02:00:47 | HIGH_TEMP | SENT | HIGH TEMPERATURE ALERT: Plant station recorded 49.3°C at 2025-07-01 20:06:11.713528
2025-07-08 02:00:50 | PLANT_DATA_AGE | SENT | PLANT DATA AGE ALERT: Plant station data file is 155.91 hours old.
2025-07-08 03:00:56 | HIGH_TEMP | SENT | HIGH TEMPERATURE ALERT: Plant station recorded 49.3°C at 2025-07-01 20:06:11.713528
2025-07-08 03:01:00 | PLANT_DATA_AGE | SENT | PLANT DATA AGE ALERT: Plant station data file is 156.91 hours old.
2025-07-08 04:01:06 | HIGH_TEMP | SENT | HIGH TEMPERATURE ALERT: Plant station recorded 49.3°C at 2025-07-01 20:06:11.713528
2025-07-08 04:01:10 | PLANT_DATA_AGE | SENT | PLANT DATA AGE ALERT: Plant station data file is 157.91 hours old.
2025-07-08 05:01:17 | HIGH_TEMP | SENT | HIGH TEMPERATURE ALERT: Plant station recorded 49.3°C at 2025-07-01 20:06:11.713528
2025-07-08 05:01:22 | PLANT_DATA_AGE | SENT | PLANT DATA AGE ALERT: Plant station data file is 158.91 hours old.
2025-07-08 06:01:28 | HIGH_TEMP | SENT | HIGH TEMPERATURE ALERT: Plant station recorded 49.3°C at 2025-07-01 20:06:11.713528
2025-07-08 06:01:32 | PLANT_DATA_AGE | SENT | PLANT DATA AGE ALERT: Plant station data file is 159.92 hours old.
2025-07-08 07:01:37 | HIGH_TEMP | SENT | HIGH TEMPERATURE ALERT: Plant station recorded 49.3°C at 2025-07-01 20:06:11.713528
2025-07-08 07:01:41 | PLANT_DATA_AGE | SENT | PLANT DATA AGE ALERT: Plant station data file is 160.92 hours old.
2025-07-08 08:01:45 | HIGH_TEMP | SENT | HIGH TEMPERATURE ALERT: Plant station recorded 49.3°C at 2025-07-01 20:06:11.713528
2025-07-08 08:01:47 | PLANT_DATA_AGE | SENT | PLANT DATA AGE ALERT: Plant station data file is 161.92 hours old.
2025-07-08 09:01:52 | HIGH_TEMP | SENT | HIGH TEMPERATURE ALERT: Plant station recorded 49.3°C at 2025-07-01 20:06:11.713528
2025-07-08 09:01:55 | PLANT_DATA_AGE | SENT | PLANT DATA AGE ALERT: Plant station data file is 162.92 hours old.
2025-07-08 09:02:16 | DAILY_SUMMARY | SENT | Daily summary report for 2025-07-08
2025-07-08 10:02:21 | HIGH_TEMP | SENT | HIGH TEMPERATURE ALERT: Plant station recorded 49.3°C at 2025-07-01 20:06:11.713528
2025-07-08 10:02:23 | PLANT_DATA_AGE | SENT | PLANT DATA AGE ALERT: Plant station data file is 163.93 hours old.
2025-07-08 11:02:27 | HIGH_TEMP | SENT | HIGH TEMPERATURE ALERT: Plant station recorded 49.3°C at 2025-07-01 20:06:11.713528
2025-07-08 11:02:30 | PLANT_DATA_AGE | SENT | PLANT DATA AGE ALERT: Plant station data file is 164.93 hours old.
2025-07-08 12:02:35 | HIGH_TEMP | SENT | HIGH TEMPERATURE ALERT: Plant station recorded 49.3°C at 2025-07-01 20:06:11.713528
2025-07-08 12:02:37 | PLANT_DATA_AGE | SENT | PLANT DATA AGE ALERT: Plant station data file is 165.94 hours old.
2025-07-08 13:02:41 | HIGH_TEMP | SENT | HIGH TEMPERATURE ALERT: Plant station recorded 49.3°C at 2025-07-01 20:06:11.713528
2025-07-08 13:02:44 | PLANT_DATA_AGE | SENT | PLANT DATA AGE ALERT: Plant station data file is 166.94 hours old.
2025-07-08 14:02:48 | HIGH_TEMP | SENT | HIGH TEMPERATURE ALERT: Plant station recorded 49.3°C at 2025-07-01 20:06:11.713528
2025-07-08 14:02:50 | PLANT_DATA_AGE | SENT | PLANT DATA AGE ALERT: Plant station data file is 167.94 hours old.
2025-07-08 15:02:54 | HIGH_TEMP | SENT | HIGH TEMPERATURE ALERT: Plant station recorded 49.3°C at 2025-07-01 20:06:11.713528
2025-07-08 15:02:57 | PLANT_DATA_AGE | SENT | PLANT DATA AGE ALERT: Plant station data file is 168.94 hours old.
2025-07-08 16:03:02 | HIGH_TEMP | SENT | HIGH TEMPERATURE ALERT: Plant station recorded 49.3°C at 2025-07-01 20:06:11.713528
2025-07-08 16:03:05 | PLANT_DATA_AGE | SENT | PLANT DATA AGE ALERT: Plant station data file is 169.94 hours old.
2025-07-08 17:03:14 | HIGH_TEMP | SENT | HIGH TEMPERATURE ALERT: Plant station recorded 49.3°C at 2025-07-01 20:06:11.713528
2025-07-08 17:03:21 | PLANT_DATA_AGE | SENT | PLANT DATA AGE ALERT: Plant station data file is 170.95 hours old.
2025-07-08 18:03:27 | HIGH_TEMP | SENT | HIGH TEMPERATURE ALERT: Plant station recorded 49.3°C at 2025-07-01 20:06:11.713528
2025-07-08 18:03:29 | PLANT_DATA_AGE | SENT | PLANT DATA AGE ALERT: Plant station data file is 171.95 hours old.
2025-07-08 19:03:34 | HIGH_TEMP | SENT | HIGH TEMPERATURE ALERT: Plant station recorded 49.3°C at 2025-07-01 20:06:11.713528
2025-07-08 19:03:37 | PLANT_DATA_AGE | SENT | PLANT DATA AGE ALERT: Plant station data file is 172.95 hours old.
2025-07-08 20:03:43 | HIGH_TEMP | SENT | HIGH TEMPERATURE ALERT: Plant station recorded 49.3°C at 2025-07-01 20:06:11.713528
2025-07-08 20:03:46 | PLANT_DATA_AGE | SENT | PLANT DATA AGE ALERT: Plant station data file is 173.95 hours old.
2025-07-08 21:03:52 | HIGH_TEMP | SENT | HIGH TEMPERATURE ALERT: Plant station recorded 49.3°C at 2025-07-01 20:06:11.713528
2025-07-08 21:03:55 | PLANT_DATA_AGE | SENT | PLANT DATA AGE ALERT: Plant station data file is 174.96 hours old.
2025-07-08 22:04:01 | HIGH_TEMP | SENT | HIGH TEMPERATURE ALERT: Plant station recorded 49.3°C at 2025-07-01 20:06:11.713528
2025-07-08 22:04:05 | PLANT_DATA_AGE | SENT | PLANT DATA AGE ALERT: Plant station data file is 175.96 hours old.
2025-07-08 23:04:11 | HIGH_TEMP | SENT | HIGH TEMPERATURE ALERT: Plant station recorded 49.3°C at 2025-07-01 20:06:11.713528
2025-07-08 23:04:14 | PLANT_DATA_AGE | SENT | PLANT DATA AGE ALERT: Plant station data file is 176.96 hours old.
2025-07-09 00:04:19 | HIGH_TEMP | SENT | HIGH TEMPERATURE ALERT: Plant station recorded 49.3°C at 2025-07-01 20:06:11.713528
2025-07-09 00:04:25 | PLANT_DATA_AGE | SENT | PLANT DATA AGE ALERT: Plant station data file is 177.96 hours old.
2025-07-09 00:04:41 | DAILY_SUMMARY | SENT | Daily summary report for 2025-07-09
2025-07-09 01:04:45 | HIGH_TEMP | SENT | HIGH TEMPERATURE ALERT: Plant station recorded 49.3°C at 2025-07-01 20:06:11.713528
2025-07-09 01:04:49 | PLANT_DATA_AGE | SENT | PLANT DATA AGE ALERT: Plant station data file is 178.97 hours old.
2025-07-09 02:04:54 | HIGH_TEMP | SENT | HIGH TEMPERATURE ALERT: Plant station recorded 49.3°C at 2025-07-01 20:06:11.713528
2025-07-09 02:04:58 | PLANT_DATA_AGE | SENT | PLANT DATA AGE ALERT: Plant station data file is 179.97 hours old.
2025-07-09 03:05:04 | HIGH_TEMP | SENT | HIGH TEMPERATURE ALERT: Plant station recorded 49.3°C at 2025-07-01 20:06:11.713528
2025-07-09 03:05:08 | PLANT_DATA_AGE | SENT | PLANT DATA AGE ALERT: Plant station data file is 180.98 hours old.
2025-07-09 04:05:14 | HIGH_TEMP | SENT | HIGH TEMPERATURE ALERT: Plant station recorded 49.3°C at 2025-07-01 20:06:11.713528
2025-07-09 04:05:17 | PLANT_DATA_AGE | SENT | PLANT DATA AGE ALERT: Plant station data file is 181.98 hours old.
2025-07-09 05:05:23 | HIGH_TEMP | SENT | HIGH TEMPERATURE ALERT: Plant station recorded 49.3°C at 2025-07-01 20:06:11.713528
2025-07-09 05:05:27 | PLANT_DATA_AGE | SENT | PLANT DATA AGE ALERT: Plant station data file is 182.98 hours old.
2025-07-09 06:05:31 | HIGH_TEMP | SENT | HIGH TEMPERATURE ALERT: Plant station recorded 49.3°C at 2025-07-01 20:06:11.713528
2025-07-09 06:05:33 | PLANT_DATA_AGE | SENT | PLANT DATA AGE ALERT: Plant station data file is 183.98 hours old.
2025-07-09 07:05:37 | HIGH_TEMP | SENT | HIGH TEMPERATURE ALERT: Plant station recorded 49.3°C at 2025-07-01 20:06:11.713528
2025-07-09 07:05:40 | PLANT_DATA_AGE | SENT | PLANT DATA AGE ALERT: Plant station data file is 184.99 hours old.
2025-07-09 08:05:44 | HIGH_TEMP | SENT | HIGH TEMPERATURE ALERT: Plant station recorded 49.3°C at 2025-07-01 20:06:11.713528
2025-07-09 08:05:47 | PLANT_DATA_AGE | SENT | PLANT DATA AGE ALERT: Plant station data file is 185.99 hours old.
2025-07-09 09:05:51 | HIGH_TEMP | SENT | HIGH TEMPERATURE ALERT: Plant station recorded 49.3°C at 2025-07-01 20:06:11.713528
2025-07-09 09:05:54 | PLANT_DATA_AGE | SENT | PLANT DATA AGE ALERT: Plant station data file is 186.99 hours old.
2025-07-09 10:05:58 | HIGH_TEMP | SENT | HIGH TEMPERATURE ALERT: Plant station recorded 49.3°C at 2025-07-01 20:06:11.713528
2025-07-09 10:06:01 | PLANT_DATA_AGE | SENT | PLANT DATA AGE ALERT: Plant station data file is 187.99 hours old.
2025-07-09 11:06:05 | HIGH_TEMP | SENT | HIGH TEMPERATURE ALERT: Plant station recorded 49.3°C at 2025-07-01 20:06:11.713528
2025-07-09 11:06:08 | PLANT_DATA_AGE | SENT | PLANT DATA AGE ALERT: Plant station data file is 188.99 hours old.
2025-07-09 12:06:12 | HIGH_TEMP | SENT | HIGH TEMPERATURE ALERT: Plant station recorded 49.3°C at 2025-07-01 20:06:11.713528
2025-07-09 12:06:15 | PLANT_DATA_AGE | SENT | PLANT DATA AGE ALERT: Plant station data file is 190.00 hours old.
2025-07-09 13:06:20 | HIGH_TEMP | SENT | HIGH TEMPERATURE ALERT: Plant station recorded 49.3°C at 2025-07-01 20:06:11.713528
2025-07-09 13:06:22 | PLANT_DATA_AGE | SENT | PLANT DATA AGE ALERT: Plant station data file is 191.00 hours old.
2025-07-09 14:06:27 | HIGH_TEMP | SENT | HIGH TEMPERATURE ALERT: Plant station recorded 49.3°C at 2025-07-01 20:06:11.713528
2025-07-09 14:06:29 | PLANT_DATA_AGE | SENT | PLANT DATA AGE ALERT: Plant station data file is 192.00 hours old.
2025-07-09 15:06:34 | HIGH_TEMP | SENT | HIGH TEMPERATURE ALERT: Plant station recorded 49.3°C at 2025-07-01 20:06:11.713528
2025-07-09 15:06:36 | PLANT_DATA_AGE | SENT | PLANT DATA AGE ALERT: Plant station data file is 193.00 hours old.
2025-07-09 16:06:42 | HIGH_TEMP | SENT | HIGH TEMPERATURE ALERT: Plant station recorded 49.3°C at 2025-07-01 20:06:11.713528
2025-07-09 16:06:45 | PLANT_DATA_AGE | SENT | PLANT DATA AGE ALERT: Plant station data file is 194.00 hours old.
2025-07-09 17:06:51 | HIGH_TEMP | SENT | HIGH TEMPERATURE ALERT: Plant station recorded 49.3°C at 2025-07-01 20:06:11.713528
2025-07-09 17:06:53 | PLANT_DATA_AGE | SENT | PLANT DATA AGE ALERT: Plant station data file is 195.01 hours old.
2025-07-09 18:06:58 | HIGH_TEMP | SENT | HIGH TEMPERATURE ALERT: Plant station recorded 49.3°C at 2025-07-01 20:06:11.713528
2025-07-09 18:07:02 | PLANT_DATA_AGE | SENT | PLANT DATA AGE ALERT: Plant station data file is 196.01 hours old.
2025-07-09 18:07:23 | DAILY_SUMMARY | SENT | Daily summary report for 2025-07-09
2025-07-09 19:07:29 | HIGH_TEMP | SENT | HIGH TEMPERATURE ALERT: Plant station recorded 49.3°C at 2025-07-01 20:06:11.713528
2025-07-09 19:07:33 | PLANT_DATA_AGE | SENT | PLANT DATA AGE ALERT: Plant station data file is 197.02 hours old.
2025-07-09 20:07:40 | HIGH_TEMP | SENT | HIGH TEMPERATURE ALERT: Plant station recorded 49.3°C at 2025-07-01 20:06:11.713528
2025-07-09 20:07:44 | PLANT_DATA_AGE | SENT | PLANT DATA AGE ALERT: Plant station data file is 198.02 hours old.
2025-07-09 21:07:52 | HIGH_TEMP | SENT | HIGH TEMPERATURE ALERT: Plant station recorded 49.3°C at 2025-07-01 20:06:11.713528
2025-07-09 21:07:56 | PLANT_DATA_AGE | SENT | PLANT DATA AGE ALERT: Plant station data file is 199.02 hours old.
2025-07-09 22:08:02 | HIGH_TEMP | SENT | HIGH TEMPERATURE ALERT: Plant station recorded 49.3°C at 2025-07-01 20:06:11.713528
2025-07-09 22:08:06 | PLANT_DATA_AGE | SENT | PLANT DATA AGE ALERT: Plant station data file is 200.03 hours old.
2025-07-09 23:08:14 | HIGH_TEMP | SENT | HIGH TEMPERATURE ALERT: Plant station recorded 49.3°C at 2025-07-01 20:06:11.713528
2025-07-09 23:08:19 | PLANT_DATA_AGE | SENT | PLANT DATA AGE ALERT: Plant station data file is 201.03 hours old.
2025-07-10 00:08:26 | HIGH_TEMP | SENT | HIGH TEMPERATURE ALERT: Plant station recorded 49.3°C at 2025-07-01 20:06:11.713528
2025-07-10 00:08:30 | PLANT_DATA_AGE | SENT | PLANT DATA AGE ALERT: Plant station data file is 202.03 hours old.
2025-07-10 01:08:35 | HIGH_TEMP | SENT | HIGH TEMPERATURE ALERT: Plant station recorded 49.3°C at 2025-07-01 20:06:11.713528
2025-07-10 01:08:39 | PLANT_DATA_AGE | SENT | PLANT DATA AGE ALERT: Plant station data file is 203.04 hours old.
2025-07-10 02:08:46 | HIGH_TEMP | SENT | HIGH TEMPERATURE ALERT: Plant station recorded 49.3°C at 2025-07-01 20:06:11.713528
2025-07-10 02:08:50 | PLANT_DATA_AGE | SENT | PLANT DATA AGE ALERT: Plant station data file is 204.04 hours old.
2025-07-10 03:08:56 | HIGH_TEMP | SENT | HIGH TEMPERATURE ALERT: Plant station recorded 49.3°C at 2025-07-01 20:06:11.713528
2025-07-10 03:08:59 | PLANT_DATA_AGE | SENT | PLANT DATA AGE ALERT: Plant station data file is 205.04 hours old.
2025-07-10 04:09:05 | HIGH_TEMP | SENT | HIGH TEMPERATURE ALERT: Plant station recorded 49.3°C at 2025-07-01 20:06:11.713528
2025-07-10 04:09:07 | PLANT_DATA_AGE | SENT | PLANT DATA AGE ALERT: Plant station data file is 206.04 hours old.
2025-07-10 05:09:13 | HIGH_TEMP | SENT | HIGH TEMPERATURE ALERT: Plant station recorded 49.3°C at 2025-07-01 20:06:11.713528
2025-07-10 05:09:16 | PLANT_DATA_AGE | SENT | PLANT DATA AGE ALERT: Plant station data file is 207.05 hours old.
2025-07-10 06:09:21 | HIGH_TEMP | SENT | HIGH TEMPERATURE ALERT: Plant station recorded 49.3°C at 2025-07-01 20:06:11.713528
2025-07-10 06:09:23 | PLANT_DATA_AGE | SENT | PLANT DATA AGE ALERT: Plant station data file is 208.05 hours old.
2025-07-10 07:09:27 | HIGH_TEMP | SENT | HIGH TEMPERATURE ALERT: Plant station recorded 49.3°C at 2025-07-01 20:06:11.713528
2025-07-10 07:09:30 | PLANT_DATA_AGE | SENT | PLANT DATA AGE ALERT: Plant station data file is 209.05 hours old.
2025-07-10 08:09:37 | HIGH_TEMP | SENT | HIGH TEMPERATURE ALERT: Plant station recorded 49.3°C at 2025-07-01 20:06:11.713528
2025-07-10 08:09:41 | PLANT_DATA_AGE | SENT | PLANT DATA AGE ALERT: Plant station data file is 210.05 hours old.
2025-07-10 09:09:45 | HIGH_TEMP | SENT | HIGH TEMPERATURE ALERT: Plant station recorded 49.3°C at 2025-07-01 20:06:11.713528
2025-07-10 09:09:47 | PLANT_DATA_AGE | SENT | PLANT DATA AGE ALERT: Plant station data file is 211.05 hours old.
2025-07-10 10:09:51 | HIGH_TEMP | SENT | HIGH TEMPERATURE ALERT: Plant station recorded 49.3°C at 2025-07-01 20:06:11.713528
2025-07-10 10:09:54 | PLANT_DATA_AGE | SENT | PLANT DATA AGE ALERT: Plant station data file is 212.06 hours old.
2025-07-10 11:09:59 | HIGH_TEMP | SENT | HIGH TEMPERATURE ALERT: Plant station recorded 49.3°C at 2025-07-01 20:06:11.713528
2025-07-10 11:10:02 | PLANT_DATA_AGE | SENT | PLANT DATA AGE ALERT: Plant station data file is 213.06 hours old.
2025-07-10 11:10:23 | DAILY_SUMMARY | SENT | Daily summary report for 2025-07-10
2025-07-10 12:10:27 | HIGH_TEMP | SENT | HIGH TEMPERATURE ALERT: Plant station recorded 49.3°C at 2025-07-01 20:06:11.713528
2025-07-10 12:10:30 | PLANT_DATA_AGE | SENT | PLANT DATA AGE ALERT: Plant station data file is 214.07 hours old.
2025-07-10 13:10:35 | HIGH_TEMP | SENT | HIGH TEMPERATURE ALERT: Plant station recorded 49.3°C at 2025-07-01 20:06:11.713528
2025-07-10 13:10:37 | PLANT_DATA_AGE | SENT | PLANT DATA AGE ALERT: Plant station data file is 215.07 hours old.
2025-07-10 14:10:41 | HIGH_TEMP | SENT | HIGH TEMPERATURE ALERT: Plant station recorded 49.3°C at 2025-07-01 20:06:11.713528
2025-07-10 14:10:44 | PLANT_DATA_AGE | SENT | PLANT DATA AGE ALERT: Plant station data file is 216.07 hours old.
2025-07-10 15:10:48 | HIGH_TEMP | SENT | HIGH TEMPERATURE ALERT: Plant station recorded 49.3°C at 2025-07-01 20:06:11.713528
2025-07-10 15:10:52 | PLANT_DATA_AGE | SENT | PLANT DATA AGE ALERT: Plant station data file is 217.07 hours old.
2025-07-10 16:10:58 | HIGH_TEMP | SENT | HIGH TEMPERATURE ALERT: Plant station recorded 49.3°C at 2025-07-01 20:06:11.713528
2025-07-10 16:11:00 | PLANT_DATA_AGE | SENT | PLANT DATA AGE ALERT: Plant station data file is 218.07 hours old.
2025-07-10 17:11:05 | HIGH_TEMP | SENT | HIGH TEMPERATURE ALERT: Plant station recorded 49.3°C at 2025-07-01 20:06:11.713528
2025-07-10 17:11:08 | PLANT_DATA_AGE | SENT | PLANT DATA AGE ALERT: Plant station data file is 219.08 hours old.
2025-07-10 18:11:13 | HIGH_TEMP | SENT | HIGH TEMPERATURE ALERT: Plant station recorded 49.3°C at 2025-07-01 20:06:11.713528
2025-07-10 18:11:17 | PLANT_DATA_AGE | SENT | PLANT DATA AGE ALERT: Plant station data file is 220.08 hours old.
2025-07-10 19:11:23 | HIGH_TEMP | SENT | HIGH TEMPERATURE ALERT: Plant station recorded 49.3°C at 2025-07-01 20:06:11.713528
2025-07-10 19:11:27 | PLANT_DATA_AGE | SENT | PLANT DATA AGE ALERT: Plant station data file is 221.08 hours old.
2025-07-10 20:11:33 | HIGH_TEMP | SENT | HIGH TEMPERATURE ALERT: Plant station recorded 49.3°C at 2025-07-01 20:06:11.713528
2025-07-10 20:11:37 | PLANT_DATA_AGE | SENT | PLANT DATA AGE ALERT: Plant station data file is 222.08 hours old.
2025-07-10 21:11:43 | HIGH_TEMP | SENT | HIGH TEMPERATURE ALERT: Plant station recorded 49.3°C at 2025-07-01 20:06:11.713528
2025-07-10 21:11:46 | PLANT_DATA_AGE | SENT | PLANT DATA AGE ALERT: Plant station data file is 223.09 hours old.
2025-07-10 22:11:53 | HIGH_TEMP | SENT | HIGH TEMPERATURE ALERT: Plant station recorded 49.3°C at 2025-07-01 20:06:11.713528
2025-07-10 22:11:58 | PLANT_DATA_AGE | SENT | PLANT DATA AGE ALERT: Plant station data file is 224.09 hours old.
2025-07-10 23:12:04 | HIGH_TEMP | SENT | HIGH TEMPERATURE ALERT: Plant station recorded 49.3°C at 2025-07-01 20:06:11.713528
2025-07-10 23:12:09 | PLANT_DATA_AGE | SENT | PLANT DATA AGE ALERT: Plant station data file is 225.09 hours old.
2025-07-11 00:12:14 | HIGH_TEMP | SENT | HIGH TEMPERATURE ALERT: Plant station recorded 49.3°C at 2025-07-01 20:06:11.713528
2025-07-11 00:12:18 | PLANT_DATA_AGE | SENT | PLANT DATA AGE ALERT: Plant station data file is 226.10 hours old.
2025-07-11 01:12:24 | HIGH_TEMP | SENT | HIGH TEMPERATURE ALERT: Plant station recorded 49.3°C at 2025-07-01 20:06:11.713528
2025-07-11 01:12:28 | PLANT_DATA_AGE | SENT | PLANT DATA AGE ALERT: Plant station data file is 227.10 hours old.
2025-07-11 02:12:34 | HIGH_TEMP | SENT | HIGH TEMPERATURE ALERT: Plant station recorded 49.3°C at 2025-07-01 20:06:11.713528
2025-07-11 02:12:38 | PLANT_DATA_AGE | SENT | PLANT DATA AGE ALERT: Plant station data file is 228.10 hours old.
2025-07-11 03:12:44 | HIGH_TEMP | SENT | HIGH TEMPERATURE ALERT: Plant station recorded 49.3°C at 2025-07-01 20:06:11.713528
2025-07-11 03:12:49 | PLANT_DATA_AGE | SENT | PLANT DATA AGE ALERT: Plant station data file is 229.10 hours old.
2025-07-11 04:12:54 | HIGH_TEMP | SENT | HIGH TEMPERATURE ALERT: Plant station recorded 49.3°C at 2025-07-01 20:06:11.713528
2025-07-11 04:12:57 | PLANT_DATA_AGE | SENT | PLANT DATA AGE ALERT: Plant station data file is 230.11 hours old.
2025-07-11 05:13:02 | HIGH_TEMP | SENT | HIGH TEMPERATURE ALERT: Plant station recorded 49.3°C at 2025-07-01 20:06:11.713528
2025-07-11 05:13:06 | PLANT_DATA_AGE | SENT | PLANT DATA AGE ALERT: Plant station data file is 231.11 hours old.
2025-07-11 06:13:12 | HIGH_TEMP | SENT | HIGH TEMPERATURE ALERT: Plant station recorded 49.3°C at 2025-07-01 20:06:11.713528
2025-07-11 06:13:15 | PLANT_DATA_AGE | SENT | PLANT DATA AGE ALERT: Plant station data file is 232.11 hours old.
2025-07-11 07:13:20 | HIGH_TEMP | SENT | HIGH TEMPERATURE ALERT: Plant station recorded 49.3°C at 2025-07-01 20:06:11.713528
2025-07-11 07:13:22 | PLANT_DATA_AGE | SENT | PLANT DATA AGE ALERT: Plant station data file is 233.11 hours old.
2025-07-11 07:13:44 | DAILY_SUMMARY | SENT | Daily summary report for 2025-07-11
2025-07-11 08:13:49 | HIGH_TEMP | SENT | HIGH TEMPERATURE ALERT: Plant station recorded 49.3°C at 2025-07-01 20:06:11.713528
2025-07-11 08:13:53 | PLANT_DATA_AGE | SENT | PLANT DATA AGE ALERT: Plant station data file is 234.12 hours old.
2025-07-11 09:13:58 | HIGH_TEMP | SENT | HIGH TEMPERATURE ALERT: Plant station recorded 49.3°C at 2025-07-01 20:06:11.713528
2025-07-11 09:14:02 | PLANT_DATA_AGE | SENT | PLANT DATA AGE ALERT: Plant station data file is 235.13 hours old.
2025-07-11 10:14:06 | HIGH_TEMP | SENT | HIGH TEMPERATURE ALERT: Plant station recorded 49.3°C at 2025-07-01 20:06:11.713528
2025-07-11 10:14:10 | PLANT_DATA_AGE | SENT | PLANT DATA AGE ALERT: Plant station data file is 236.13 hours old.
2025-07-11 11:14:15 | HIGH_TEMP | SENT | HIGH TEMPERATURE ALERT: Plant station recorded 49.3°C at 2025-07-01 20:06:11.713528
2025-07-11 11:14:19 | PLANT_DATA_AGE | SENT | PLANT DATA AGE ALERT: Plant station data file is 237.13 hours old.
2025-07-11 12:14:24 | HIGH_TEMP | SENT | HIGH TEMPERATURE ALERT: Plant station recorded 49.3°C at 2025-07-01 20:06:11.713528
2025-07-11 12:14:27 | PLANT_DATA_AGE | SENT | PLANT DATA AGE ALERT: Plant station data file is 238.13 hours old.
2025-07-11 13:14:31 | HIGH_TEMP | SENT | HIGH TEMPERATURE ALERT: Plant station recorded 49.3°C at 2025-07-01 20:06:11.713528
2025-07-11 13:14:34 | PLANT_DATA_AGE | SENT | PLANT DATA AGE ALERT: Plant station data file is 239.13 hours old.
2025-07-11 14:14:38 | HIGH_TEMP | SENT | HIGH TEMPERATURE ALERT: Plant station recorded 49.3°C at 2025-07-01 20:06:11.713528
2025-07-11 14:14:41 | PLANT_DATA_AGE | SENT | PLANT DATA AGE ALERT: Plant station data file is 240.14 hours old.
2025-07-11 15:14:46 | HIGH_TEMP | SENT | HIGH TEMPERATURE ALERT: Plant station recorded 49.3°C at 2025-07-01 20:06:11.713528
2025-07-11 15:14:48 | PLANT_DATA_AGE | SENT | PLANT DATA AGE ALERT: Plant station data file is 241.14 hours old.
2025-07-11 16:14:53 | HIGH_TEMP | SENT | HIGH TEMPERATURE ALERT: Plant station recorded 49.3°C at 2025-07-01 20:06:11.713528
2025-07-11 16:14:56 | PLANT_DATA_AGE | SENT | PLANT DATA AGE ALERT: Plant station data file is 242.14 hours old.
2025-07-11 17:15:01 | HIGH_TEMP | SENT | HIGH TEMPERATURE ALERT: Plant station recorded 49.3°C at 2025-07-01 20:06:11.713528
2025-07-11 17:15:05 | PLANT_DATA_AGE | SENT | PLANT DATA AGE ALERT: Plant station data file is 243.14 hours old.
2025-07-11 18:15:13 | HIGH_TEMP | SENT | HIGH TEMPERATURE ALERT: Plant station recorded 49.3°C at 2025-07-01 20:06:11.713528
2025-07-11 18:15:18 | PLANT_DATA_AGE | SENT | PLANT DATA AGE ALERT: Plant station data file is 244.15 hours old.
2025-07-11 19:15:25 | HIGH_TEMP | SENT | HIGH TEMPERATURE ALERT: Plant station recorded 49.3°C at 2025-07-01 20:06:11.713528
2025-07-11 19:15:31 | PLANT_DATA_AGE | SENT | PLANT DATA AGE ALERT: Plant station data file is 245.15 hours old.
2025-07-11 20:15:38 | HIGH_TEMP | SENT | HIGH TEMPERATURE ALERT: Plant station recorded 49.3°C at 2025-07-01 20:06:11.713528
2025-07-11 20:15:42 | PLANT_DATA_AGE | SENT | PLANT DATA AGE ALERT: Plant station data file is 246.15 hours old.
2025-07-11 21:15:51 | HIGH_TEMP | SENT | HIGH TEMPERATURE ALERT: Plant station recorded 49.3°C at 2025-07-01 20:06:11.713528
2025-07-11 21:15:56 | PLANT_DATA_AGE | SENT | PLANT DATA AGE ALERT: Plant station data file is 247.16 hours old.
2025-07-11 22:16:03 | HIGH_TEMP | SENT | HIGH TEMPERATURE ALERT: Plant station recorded 49.3°C at 2025-07-01 20:06:11.713528
2025-07-11 22:16:09 | PLANT_DATA_AGE | SENT | PLANT DATA AGE ALERT: Plant station data file is 248.16 hours old.
2025-07-11 23:16:16 | HIGH_TEMP | SENT | HIGH TEMPERATURE ALERT: Plant station recorded 49.3°C at 2025-07-01 20:06:11.713528
2025-07-11 23:16:22 | PLANT_DATA_AGE | SENT | PLANT DATA AGE ALERT: Plant station data file is 249.16 hours old.
2025-07-11 23:16:39 | DAILY_SUMMARY | SENT | Daily summary report for 2025-07-11
2025-07-12 00:16:45 | HIGH_TEMP | SENT | HIGH TEMPERATURE ALERT: Plant station recorded 49.3°C at 2025-07-01 20:06:11.713528
2025-07-12 00:16:48 | PLANT_DATA_AGE | SENT | PLANT DATA AGE ALERT: Plant station data file is 250.17 hours old.
2025-07-12 01:16:55 | HIGH_TEMP | SENT | HIGH TEMPERATURE ALERT: Plant station recorded 49.3°C at 2025-07-01 20:06:11.713528
2025-07-12 01:17:03 | PLANT_DATA_AGE | SENT | PLANT DATA AGE ALERT: Plant station data file is 251.17 hours old.
2025-07-12 02:17:12 | HIGH_TEMP | SENT | HIGH TEMPERATURE ALERT: Plant station recorded 49.3°C at 2025-07-01 20:06:11.713528
2025-07-12 02:17:20 | PLANT_DATA_AGE | SENT | PLANT DATA AGE ALERT: Plant station data file is 252.18 hours old.
2025-07-12 03:17:27 | HIGH_TEMP | SENT | HIGH TEMPERATURE ALERT: Plant station recorded 49.3°C at 2025-07-01 20:06:11.713528
2025-07-12 03:17:32 | PLANT_DATA_AGE | SENT | PLANT DATA AGE ALERT: Plant station data file is 253.18 hours old.
2025-07-12 04:17:39 | HIGH_TEMP | SENT | HIGH TEMPERATURE ALERT: Plant station recorded 49.3°C at 2025-07-01 20:06:11.713528
2025-07-12 04:17:44 | PLANT_DATA_AGE | SENT | PLANT DATA AGE ALERT: Plant station data file is 254.19 hours old.
2025-07-12 05:17:52 | HIGH_TEMP | SENT | HIGH TEMPERATURE ALERT: Plant station recorded 49.3°C at 2025-07-01 20:06:11.713528
2025-07-12 05:17:56 | PLANT_DATA_AGE | SENT | PLANT DATA AGE ALERT: Plant station data file is 255.19 hours old.
2025-07-12 06:18:02 | HIGH_TEMP | SENT | HIGH TEMPERATURE ALERT: Plant station recorded 49.3°C at 2025-07-01 20:06:11.713528
2025-07-12 06:18:07 | PLANT_DATA_AGE | SENT | PLANT DATA AGE ALERT: Plant station data file is 256.19 hours old.
2025-07-12 07:18:13 | HIGH_TEMP | SENT | HIGH TEMPERATURE ALERT: Plant station recorded 49.3°C at 2025-07-01 20:06:11.713528
2025-07-12 07:18:19 | PLANT_DATA_AGE | SENT | PLANT DATA AGE ALERT: Plant station data file is 257.20 hours old.
2025-07-12 08:18:24 | HIGH_TEMP | SENT | HIGH TEMPERATURE ALERT: Plant station recorded 49.3°C at 2025-07-01 20:06:11.713528
2025-07-12 08:18:28 | PLANT_DATA_AGE | SENT | PLANT DATA AGE ALERT: Plant station data file is 258.20 hours old.
2025-07-12 09:18:33 | HIGH_TEMP | SENT | HIGH TEMPERATURE ALERT: Plant station recorded 49.3°C at 2025-07-01 20:06:11.713528
2025-07-12 09:18:38 | PLANT_DATA_AGE | SENT | PLANT DATA AGE ALERT: Plant station data file is 259.20 hours old.
2025-07-12 13:18:50 | HIGH_TEMP | SENT | HIGH TEMPERATURE ALERT: Plant station recorded 41.5°C at 2025-07-12 19:17:16.529164
2025-07-12 14:18:57 | HIGH_TEMP | SENT | HIGH TEMPERATURE ALERT: Plant station recorded 42.3°C at 2025-07-12 20:16:51.815260
2025-07-12 15:19:03 | HIGH_TEMP | SENT | HIGH TEMPERATURE ALERT: Plant station recorded 41.3°C at 2025-07-12 21:17:01.752173
2025-07-12 18:19:34 | DAILY_SUMMARY | SENT | Daily summary report for 2025-07-12
2025-07-12 20:19:43 | PLANT_DATA_AGE | SENT | PLANT DATA AGE ALERT: Plant station data file is 1.17 hours old.
2025-07-12 21:19:49 | PLANT_DATA_AGE | SENT | PLANT DATA AGE ALERT: Plant station data file is 2.18 hours old.
2025-07-12 22:19:56 | PLANT_DATA_AGE | SENT | PLANT DATA AGE ALERT: Plant station data file is 3.18 hours old.
2025-07-12 23:20:03 | PLANT_DATA_AGE | SENT | PLANT DATA AGE ALERT: Plant station data file is 4.18 hours old.
2025-07-13 00:20:10 | PLANT_DATA_AGE | SENT | PLANT DATA AGE ALERT: Plant station data file is 5.18 hours old.
2025-07-13 01:20:16 | PLANT_DATA_AGE | SENT | PLANT DATA AGE ALERT: Plant station data file is 6.18 hours old.
2025-07-13 02:20:22 | PLANT_DATA_AGE | SENT | PLANT DATA AGE ALERT: Plant station data file is 7.19 hours old.
2025-07-13 03:20:29 | PLANT_DATA_AGE | SENT | PLANT DATA AGE ALERT: Plant station data file is 8.19 hours old.
2025-07-13 04:20:37 | PLANT_DATA_AGE | SENT | PLANT DATA AGE ALERT: Plant station data file is 9.19 hours old.
2025-07-13 05:20:43 | PLANT_DATA_AGE | SENT | PLANT DATA AGE ALERT: Plant station data file is 10.19 hours old.
2025-07-13 06:20:49 | PLANT_DATA_AGE | SENT | PLANT DATA AGE ALERT: Plant station data file is 11.19 hours old.
2025-07-13 07:20:55 | PLANT_DATA_AGE | SENT | PLANT DATA AGE ALERT: Plant station data file is 12.19 hours old.
2025-07-13 08:21:02 | PLANT_DATA_AGE | SENT | PLANT DATA AGE ALERT: Plant station data file is 13.20 hours old.
2025-07-13 09:21:08 | PLANT_DATA_AGE | SENT | PLANT DATA AGE ALERT: Plant station data file is 14.20 hours old.
2025-07-13 10:21:12 | PLANT_DATA_AGE | SENT | PLANT DATA AGE ALERT: Plant station data file is 15.20 hours old.
2025-07-13 11:21:18 | PLANT_DATA_AGE | SENT | PLANT DATA AGE ALERT: Plant station data file is 16.20 hours old.
2025-07-13 12:21:24 | PLANT_DATA_AGE | SENT | PLANT DATA AGE ALERT: Plant station data file is 17.20 hours old.
2025-07-13 12:21:48 | DAILY_SUMMARY | SENT | Daily summary report for 2025-07-13
2025-07-13 13:21:55 | PLANT_DATA_AGE | SENT | PLANT DATA AGE ALERT: Plant station data file is 18.21 hours old.
2025-07-13 14:22:01 | PLANT_DATA_AGE | SENT | PLANT DATA AGE ALERT: Plant station data file is 19.21 hours old.
2025-07-13 15:22:08 | PLANT_DATA_AGE | SENT | PLANT DATA AGE ALERT: Plant station data file is 20.21 hours old.
2025-07-13 16:22:15 | PLANT_DATA_AGE | SENT | PLANT DATA AGE ALERT: Plant station data file is 21.22 hours old.
2025-07-13 17:22:21 | PLANT_DATA_AGE | SENT | PLANT DATA AGE ALERT: Plant station data file is 22.22 hours old.
2025-07-13 18:22:27 | PLANT_DATA_AGE | SENT | PLANT DATA AGE ALERT: Plant station data file is 23.22 hours old.
2025-07-13 19:22:33 | PLANT_DATA_AGE | SENT | PLANT DATA AGE ALERT: Plant station data file is 24.22 hours old.
2025-07-13 20:22:39 | PLANT_DATA_AGE | SENT | PLANT DATA AGE ALERT: Plant station data file is 25.22 hours old.
2025-07-13 21:22:43 | PLANT_DATA_AGE | SENT | PLANT DATA AGE ALERT: Plant station data file is 26.23 hours old.
2025-07-13 22:22:50 | PLANT_DATA_AGE | SENT | PLANT DATA AGE ALERT: Plant station data file is 27.23 hours old.
2025-07-13 23:22:57 | PLANT_DATA_AGE | SENT | PLANT DATA AGE ALERT: Plant station data file is 28.23 hours old.
2025-07-14 00:23:03 | PLANT_DATA_AGE | SENT | PLANT DATA AGE ALERT: Plant station data file is 29.23 hours old.
2025-07-14 01:23:08 | PLANT_DATA_AGE | SENT | PLANT DATA AGE ALERT: Plant station data file is 30.23 hours old.
2025-07-14 02:23:14 | PLANT_DATA_AGE | SENT | PLANT DATA AGE ALERT: Plant station data file is 31.23 hours old.
2025-07-14 03:23:19 | PLANT_DATA_AGE | SENT | PLANT DATA AGE ALERT: Plant station data file is 32.24 hours old.
2025-07-14 03:23:34 | DAILY_SUMMARY | SENT | Daily summary report for 2025-07-14
2025-07-14 04:23:40 | PLANT_DATA_AGE | SENT | PLANT DATA AGE ALERT: Plant station data file is 33.24 hours old.
2025-07-14 05:23:46 | PLANT_DATA_AGE | SENT | PLANT DATA AGE ALERT: Plant station data file is 34.24 hours old.
2025-07-14 06:23:51 | PLANT_DATA_AGE | SENT | PLANT DATA AGE ALERT: Plant station data file is 35.24 hours old.
2025-07-14 07:23:55 | PLANT_DATA_AGE | SENT | PLANT DATA AGE ALERT: Plant station data file is 36.25 hours old.
2025-07-14 08:23:59 | PLANT_DATA_AGE | SENT | PLANT DATA AGE ALERT: Plant station data file is 37.25 hours old.
2025-07-14 09:24:04 | PLANT_DATA_AGE | SENT | PLANT DATA AGE ALERT: Plant station data file is 38.25 hours old.
2025-07-14 10:24:09 | PLANT_DATA_AGE | SENT | PLANT DATA AGE ALERT: Plant station data file is 39.25 hours old.
2025-07-14 11:24:13 | PLANT_DATA_AGE | SENT | PLANT DATA AGE ALERT: Plant station data file is 40.25 hours old.
2025-07-14 12:24:17 | PLANT_DATA_AGE | SENT | PLANT DATA AGE ALERT: Plant station data file is 41.25 hours old.
2025-07-14 13:24:22 | PLANT_DATA_AGE | SENT | PLANT DATA AGE ALERT: Plant station data file is 42.25 hours old.
2025-07-14 14:24:26 | PLANT_DATA_AGE | SENT | PLANT DATA AGE ALERT: Plant station data file is 43.25 hours old.
2025-07-14 15:24:31 | PLANT_DATA_AGE | SENT | PLANT DATA AGE ALERT: Plant station data file is 44.26 hours old.
2025-07-14 16:24:36 | PLANT_DATA_AGE | SENT | PLANT DATA AGE ALERT: Plant station data file is 45.26 hours old.
2025-07-14 17:24:42 | PLANT_DATA_AGE | SENT | PLANT DATA AGE ALERT: Plant station data file is 46.26 hours old.
2025-07-14 17:25:03 | DAILY_SUMMARY | SENT | Daily summary report for 2025-07-14
2025-07-14 18:25:07 | PLANT_DATA_AGE | SENT | PLANT DATA AGE ALERT: Plant station data file is 47.27 hours old.
2025-07-14 19:25:12 | PLANT_DATA_AGE | SENT | PLANT DATA AGE ALERT: Plant station data file is 48.27 hours old.
2025-07-14 20:25:21 | PLANT_DATA_AGE | SENT | PLANT DATA AGE ALERT: Plant station data file is 49.27 hours old.
2025-07-14 21:25:26 | PLANT_DATA_AGE | SENT | PLANT DATA AGE ALERT: Plant station data file is 50.27 hours old.
2025-07-14 22:25:31 | PLANT_DATA_AGE | SENT | PLANT DATA AGE ALERT: Plant station data file is 51.27 hours old.
2025-07-14 23:25:36 | PLANT_DATA_AGE | SENT | PLANT DATA AGE ALERT: Plant station data file is 52.27 hours old.
2025-07-15 00:25:42 | PLANT_DATA_AGE | SENT | PLANT DATA AGE ALERT: Plant station data file is 53.27 hours old.
2025-07-15 01:25:46 | PLANT_DATA_AGE | SENT | PLANT DATA AGE ALERT: Plant station data file is 54.28 hours old.
2025-07-15 02:25:51 | PLANT_DATA_AGE | SENT | PLANT DATA AGE ALERT: Plant station data file is 55.28 hours old.
2025-07-15 03:25:56 | PLANT_DATA_AGE | SENT | PLANT DATA AGE ALERT: Plant station data file is 56.28 hours old.
2025-07-15 04:26:01 | PLANT_DATA_AGE | SENT | PLANT DATA AGE ALERT: Plant station data file is 57.28 hours old.
2025-07-15 05:26:07 | PLANT_DATA_AGE | SENT | PLANT DATA AGE ALERT: Plant station data file is 58.28 hours old.
2025-07-15 06:26:13 | PLANT_DATA_AGE | SENT | PLANT DATA AGE ALERT: Plant station data file is 59.28 hours old.
2025-07-15 07:26:17 | PLANT_DATA_AGE | SENT | PLANT DATA AGE ALERT: Plant station data file is 60.28 hours old.
2025-07-15 08:26:22 | PLANT_DATA_AGE | SENT | PLANT DATA AGE ALERT: Plant station data file is 61.29 hours old.
2025-07-15 09:26:28 | PLANT_DATA_AGE | SENT | PLANT DATA AGE ALERT: Plant station data file is 62.29 hours old.
2025-07-15 10:26:32 | PLANT_DATA_AGE | SENT | PLANT DATA AGE ALERT: Plant station data file is 63.29 hours old.
2025-07-15 11:26:36 | PLANT_DATA_AGE | SENT | PLANT DATA AGE ALERT: Plant station data file is 64.29 hours old.
2025-07-15 11:26:57 | DAILY_SUMMARY | SENT | Daily summary report for 2025-07-15
2025-07-15 12:27:01 | PLANT_DATA_AGE | SENT | PLANT DATA AGE ALERT: Plant station data file is 65.30 hours old.
2025-07-15 13:27:05 | PLANT_DATA_AGE | SENT | PLANT DATA AGE ALERT: Plant station data file is 66.30 hours old.
2025-07-15 14:27:10 | PLANT_DATA_AGE | SENT | PLANT DATA AGE ALERT: Plant station data file is 67.30 hours old.
2025-07-15 15:27:15 | PLANT_DATA_AGE | SENT | PLANT DATA AGE ALERT: Plant station data file is 68.30 hours old.
2025-07-15 16:27:19 | PLANT_DATA_AGE | SENT | PLANT DATA AGE ALERT: Plant station data file is 69.30 hours old.
2025-07-15 17:27:24 | PLANT_DATA_AGE | SENT | PLANT DATA AGE ALERT: Plant station data file is 70.30 hours old.
2025-07-15 18:27:30 | PLANT_DATA_AGE | SENT | PLANT DATA AGE ALERT: Plant station data file is 71.30 hours old.
2025-07-15 19:27:37 | PLANT_DATA_AGE | SENT | PLANT DATA AGE ALERT: Plant station data file is 72.31 hours old.
2025-07-15 20:27:43 | PLANT_DATA_AGE | SENT | PLANT DATA AGE ALERT: Plant station data file is 73.31 hours old.
2025-07-15 21:27:48 | PLANT_DATA_AGE | SENT | PLANT DATA AGE ALERT: Plant station data file is 74.31 hours old.
2025-07-15 22:27:54 | PLANT_DATA_AGE | SENT | PLANT DATA AGE ALERT: Plant station data file is 75.31 hours old.
2025-07-15 23:28:00 | PLANT_DATA_AGE | SENT | PLANT DATA AGE ALERT: Plant station data file is 76.31 hours old.
2025-07-16 00:28:07 | PLANT_DATA_AGE | SENT | PLANT DATA AGE ALERT: Plant station data file is 77.31 hours old.
2025-07-16 01:28:11 | PLANT_DATA_AGE | SENT | PLANT DATA AGE ALERT: Plant station data file is 78.32 hours old.
2025-07-16 02:28:16 | PLANT_DATA_AGE | SENT | PLANT DATA AGE ALERT: Plant station data file is 79.32 hours old.
2025-07-16 03:28:21 | PLANT_DATA_AGE | SENT | PLANT DATA AGE ALERT: Plant station data file is 80.32 hours old.
2025-07-16 03:28:38 | DAILY_SUMMARY | SENT | Daily summary report for 2025-07-16
2025-07-16 04:28:42 | PLANT_DATA_AGE | SENT | PLANT DATA AGE ALERT: Plant station data file is 81.33 hours old.
2025-07-16 05:28:48 | PLANT_DATA_AGE | SENT | PLANT DATA AGE ALERT: Plant station data file is 82.33 hours old.
2025-07-16 06:28:52 | PLANT_DATA_AGE | SENT | PLANT DATA AGE ALERT: Plant station data file is 83.33 hours old.
2025-07-16 07:28:56 | PLANT_DATA_AGE | SENT | PLANT DATA AGE ALERT: Plant station data file is 84.33 hours old.
2025-07-16 08:29:01 | PLANT_DATA_AGE | SENT | PLANT DATA AGE ALERT: Plant station data file is 85.33 hours old.
2025-07-16 09:29:05 | PLANT_DATA_AGE | SENT | PLANT DATA AGE ALERT: Plant station data file is 86.33 hours old.
2025-07-16 10:29:17 | PLANT_DATA_AGE | SENT | PLANT DATA AGE ALERT: Plant station data file is 87.33 hours old.
2025-07-16 11:29:21 | PLANT_DATA_AGE | SENT | PLANT DATA AGE ALERT: Plant station data file is 88.34 hours old.
2025-07-16 12:29:26 | PLANT_DATA_AGE | SENT | PLANT DATA AGE ALERT: Plant station data file is 89.34 hours old.
2025-07-16 13:29:30 | PLANT_DATA_AGE | SENT | PLANT DATA AGE ALERT: Plant station data file is 90.34 hours old.
2025-07-16 14:29:35 | PLANT_DATA_AGE | SENT | PLANT DATA AGE ALERT: Plant station data file is 91.34 hours old.
2025-07-16 15:29:41 | PLANT_DATA_AGE | SENT | PLANT DATA AGE ALERT: Plant station data file is 92.34 hours old.
2025-07-16 16:29:45 | PLANT_DATA_AGE | SENT | PLANT DATA AGE ALERT: Plant station data file is 93.34 hours old.
2025-07-16 17:29:50 | PLANT_DATA_AGE | SENT | PLANT DATA AGE ALERT: Plant station data file is 94.34 hours old.
2025-07-16 17:30:19 | DAILY_SUMMARY | SENT | Daily summary report for 2025-07-16
2025-07-16 18:30:24 | PLANT_DATA_AGE | SENT | PLANT DATA AGE ALERT: Plant station data file is 95.35 hours old.
2025-07-16 19:30:29 | PLANT_DATA_AGE | SENT | PLANT DATA AGE ALERT: Plant station data file is 96.35 hours old.
2025-07-16 20:30:36 | PLANT_DATA_AGE | SENT | PLANT DATA AGE ALERT: Plant station data file is 97.36 hours old.
2025-07-16 21:30:42 | PLANT_DATA_AGE | SENT | PLANT DATA AGE ALERT: Plant station data file is 98.36 hours old.
2025-07-16 22:30:49 | PLANT_DATA_AGE | SENT | PLANT DATA AGE ALERT: Plant station data file is 99.36 hours old.
2025-07-16 23:30:54 | PLANT_DATA_AGE | SENT | PLANT DATA AGE ALERT: Plant station data file is 100.36 hours old.
2025-07-17 00:30:58 | PLANT_DATA_AGE | SENT | PLANT DATA AGE ALERT: Plant station data file is 101.36 hours old.
2025-07-17 01:31:04 | PLANT_DATA_AGE | SENT | PLANT DATA AGE ALERT: Plant station data file is 102.36 hours old.
2025-07-17 02:31:09 | PLANT_DATA_AGE | SENT | PLANT DATA AGE ALERT: Plant station data file is 103.37 hours old.
2025-07-17 03:31:16 | PLANT_DATA_AGE | SENT | PLANT DATA AGE ALERT: Plant station data file is 104.37 hours old.
2025-07-17 04:31:22 | PLANT_DATA_AGE | SENT | PLANT DATA AGE ALERT: Plant station data file is 105.37 hours old.
2025-07-17 05:31:29 | PLANT_DATA_AGE | SENT | PLANT DATA AGE ALERT: Plant station data file is 106.37 hours old.
2025-07-17 06:31:34 | PLANT_DATA_AGE | SENT | PLANT DATA AGE ALERT: Plant station data file is 107.37 hours old.
2025-07-17 07:31:41 | PLANT_DATA_AGE | SENT | PLANT DATA AGE ALERT: Plant station data file is 108.37 hours old.
2025-07-17 08:31:46 | PLANT_DATA_AGE | SENT | PLANT DATA AGE ALERT: Plant station data file is 109.38 hours old.
2025-07-17 09:31:51 | PLANT_DATA_AGE | SENT | PLANT DATA AGE ALERT: Plant station data file is 110.38 hours old.
2025-07-17 10:31:55 | PLANT_DATA_AGE | SENT | PLANT DATA AGE ALERT: Plant station data file is 111.38 hours old.
2025-07-17 10:32:17 | DAILY_SUMMARY | SENT | Daily summary report for 2025-07-17
2025-07-17 11:32:21 | PLANT_DATA_AGE | SENT | PLANT DATA AGE ALERT: Plant station data file is 112.39 hours old.
2025-07-17 12:32:26 | PLANT_DATA_AGE | SENT | PLANT DATA AGE ALERT: Plant station data file is 113.39 hours old.
2025-07-17 13:32:30 | PLANT_DATA_AGE | SENT | PLANT DATA AGE ALERT: Plant station data file is 114.39 hours old.
2025-07-17 14:32:35 | PLANT_DATA_AGE | SENT | PLANT DATA AGE ALERT: Plant station data file is 115.39 hours old.
2025-07-17 15:32:39 | PLANT_DATA_AGE | SENT | PLANT DATA AGE ALERT: Plant station data file is 116.39 hours old.
2025-07-17 16:32:44 | PLANT_DATA_AGE | SENT | PLANT DATA AGE ALERT: Plant station data file is 117.39 hours old.
2025-07-17 17:32:50 | PLANT_DATA_AGE | SENT | PLANT DATA AGE ALERT: Plant station data file is 118.39 hours old.
2025-07-17 18:32:55 | PLANT_DATA_AGE | SENT | PLANT DATA AGE ALERT: Plant station data file is 119.40 hours old.
2025-07-17 19:33:02 | PLANT_DATA_AGE | SENT | PLANT DATA AGE ALERT: Plant station data file is 120.40 hours old.
2025-07-17 20:33:08 | PLANT_DATA_AGE | SENT | PLANT DATA AGE ALERT: Plant station data file is 121.40 hours old.
2025-07-17 21:33:14 | PLANT_DATA_AGE | SENT | PLANT DATA AGE ALERT: Plant station data file is 122.40 hours old.
2025-07-17 22:33:22 | PLANT_DATA_AGE | SENT | PLANT DATA AGE ALERT: Plant station data file is 123.40 hours old.
2025-07-17 23:33:28 | PLANT_DATA_AGE | SENT | PLANT DATA AGE ALERT: Plant station data file is 124.40 hours old.
2025-07-18 00:33:34 | PLANT_DATA_AGE | SENT | PLANT DATA AGE ALERT: Plant station data file is 125.41 hours old.
2025-07-18 01:33:39 | PLANT_DATA_AGE | SENT | PLANT DATA AGE ALERT: Plant station data file is 126.41 hours old.
2025-07-18 02:33:45 | PLANT_DATA_AGE | SENT | PLANT DATA AGE ALERT: Plant station data file is 127.41 hours old.
2025-07-18 02:33:59 | DAILY_SUMMARY | SENT | Daily summary report for 2025-07-18
2025-07-18 03:34:04 | PLANT_DATA_AGE | SENT | PLANT DATA AGE ALERT: Plant station data file is 128.41 hours old.
2025-07-18 04:34:10 | PLANT_DATA_AGE | SENT | PLANT DATA AGE ALERT: Plant station data file is 129.42 hours old.
2025-07-18 05:34:16 | PLANT_DATA_AGE | SENT | PLANT DATA AGE ALERT: Plant station data file is 130.42 hours old.
2025-07-18 06:34:21 | PLANT_DATA_AGE | SENT | PLANT DATA AGE ALERT: Plant station data file is 131.42 hours old.
2025-07-18 07:34:25 | PLANT_DATA_AGE | SENT | PLANT DATA AGE ALERT: Plant station data file is 132.42 hours old.
2025-07-18 08:34:30 | PLANT_DATA_AGE | SENT | PLANT DATA AGE ALERT: Plant station data file is 133.42 hours old.
2025-07-18 09:34:34 | PLANT_DATA_AGE | SENT | PLANT DATA AGE ALERT: Plant station data file is 134.42 hours old.
2025-07-18 10:34:39 | PLANT_DATA_AGE | SENT | PLANT DATA AGE ALERT: Plant station data file is 135.42 hours old.
2025-07-18 11:34:44 | PLANT_DATA_AGE | SENT | PLANT DATA AGE ALERT: Plant station data file is 136.43 hours old.
2025-07-18 12:34:48 | PLANT_DATA_AGE | SENT | PLANT DATA AGE ALERT: Plant station data file is 137.43 hours old.
2025-07-18 13:34:52 | PLANT_DATA_AGE | SENT | PLANT DATA AGE ALERT: Plant station data file is 138.43 hours old.
2025-07-18 14:34:58 | PLANT_DATA_AGE | SENT | PLANT DATA AGE ALERT: Plant station data file is 139.43 hours old.
2025-07-18 15:35:04 | PLANT_DATA_AGE | SENT | PLANT DATA AGE ALERT: Plant station data file is 140.43 hours old.
2025-07-18 16:35:10 | PLANT_DATA_AGE | SENT | PLANT DATA AGE ALERT: Plant station data file is 141.43 hours old.
2025-07-18 17:35:14 | PLANT_DATA_AGE | SENT | PLANT DATA AGE ALERT: Plant station data file is 142.43 hours old.
2025-07-18 18:35:19 | PLANT_DATA_AGE | SENT | PLANT DATA AGE ALERT: Plant station data file is 143.44 hours old.
2025-07-18 19:35:23 | PLANT_DATA_AGE | SENT | PLANT DATA AGE ALERT: Plant station data file is 144.44 hours old.
2025-07-18 20:35:29 | PLANT_DATA_AGE | SENT | PLANT DATA AGE ALERT: Plant station data file is 145.44 hours old.
2025-07-18 21:35:35 | PLANT_DATA_AGE | SENT | PLANT DATA AGE ALERT: Plant station data file is 146.44 hours old.
2025-07-18 22:35:42 | PLANT_DATA_AGE | SENT | PLANT DATA AGE ALERT: Plant station data file is 147.44 hours old.
2025-07-18 22:36:02 | DAILY_SUMMARY | SENT | Daily summary report for 2025-07-18
2025-07-18 23:36:09 | PLANT_DATA_AGE | SENT | PLANT DATA AGE ALERT: Plant station data file is 148.45 hours old.
2025-07-19 00:36:15 | PLANT_DATA_AGE | SENT | PLANT DATA AGE ALERT: Plant station data file is 149.45 hours old.
2025-07-19 01:36:22 | PLANT_DATA_AGE | SENT | PLANT DATA AGE ALERT: Plant station data file is 150.45 hours old.
2025-07-19 02:36:29 | PLANT_DATA_AGE | SENT | PLANT DATA AGE ALERT: Plant station data file is 151.45 hours old.
2025-07-19 03:36:35 | PLANT_DATA_AGE | SENT | PLANT DATA AGE ALERT: Plant station data file is 152.46 hours old.
2025-07-19 04:36:40 | PLANT_DATA_AGE | SENT | PLANT DATA AGE ALERT: Plant station data file is 153.46 hours old.
2025-07-19 05:36:47 | PLANT_DATA_AGE | SENT | PLANT DATA AGE ALERT: Plant station data file is 154.46 hours old.
2025-07-19 06:36:54 | PLANT_DATA_AGE | SENT | PLANT DATA AGE ALERT: Plant station data file is 155.46 hours old.
2025-07-19 07:36:59 | PLANT_DATA_AGE | SENT | PLANT DATA AGE ALERT: Plant station data file is 156.46 hours old.
2025-07-19 08:37:05 | PLANT_DATA_AGE | SENT | PLANT DATA AGE ALERT: Plant station data file is 157.46 hours old.
2025-07-19 09:37:09 | PLANT_DATA_AGE | SENT | PLANT DATA AGE ALERT: Plant station data file is 158.47 hours old.
2025-07-19 10:37:14 | PLANT_DATA_AGE | SENT | PLANT DATA AGE ALERT: Plant station data file is 159.47 hours old.
2025-07-19 10:43:36 | PLANT_DATA_AGE | SENT | PLANT DATA AGE ALERT: Plant station data file is 159.57 hours old.
2025-07-19 10:53:38 | PLANT_DATA_AGE | SENT | PLANT DATA AGE ALERT: Plant station data file is 159.74 hours old.
2025-07-19 11:53:42 | PLANT_DATA_AGE | SENT | PLANT DATA AGE ALERT: Plant station data file is 160.74 hours old.
2025-07-19 12:53:49 | PLANT_DATA_AGE | SENT | PLANT DATA AGE ALERT: Plant station data file is 161.74 hours old.
2025-07-19 13:53:55 | PLANT_DATA_AGE | SENT | PLANT DATA AGE ALERT: Plant station data file is 162.74 hours old.
2025-07-19 13:54:20 | DAILY_SUMMARY | SENT | Daily summary report for 2025-07-19
2025-07-19 14:54:26 | PLANT_DATA_AGE | SENT | PLANT DATA AGE ALERT: Plant station data file is 163.75 hours old.
2025-07-19 15:54:33 | PLANT_DATA_AGE | SENT | PLANT DATA AGE ALERT: Plant station data file is 164.76 hours old.
2025-07-19 16:54:40 | PLANT_DATA_AGE | SENT | PLANT DATA AGE ALERT: Plant station data file is 165.76 hours old.
2025-07-19 17:54:48 | PLANT_DATA_AGE | SENT | PLANT DATA AGE ALERT: Plant station data file is 166.76 hours old.
2025-07-19 18:54:54 | PLANT_DATA_AGE | SENT | PLANT DATA AGE ALERT: Plant station data file is 167.76 hours old.
2025-07-19 19:55:01 | PLANT_DATA_AGE | SENT | PLANT DATA AGE ALERT: Plant station data file is 168.76 hours old.
2025-07-19 20:55:09 | PLANT_DATA_AGE | SENT | PLANT DATA AGE ALERT: Plant station data file is 169.76 hours old.
2025-07-19 21:55:15 | PLANT_DATA_AGE | SENT | PLANT DATA AGE ALERT: Plant station data file is 170.77 hours old.
2025-07-19 22:55:21 | PLANT_DATA_AGE | SENT | PLANT DATA AGE ALERT: Plant station data file is 171.77 hours old.
2025-07-19 23:55:29 | PLANT_DATA_AGE | SENT | PLANT DATA AGE ALERT: Plant station data file is 172.77 hours old.
2025-07-20 00:55:36 | PLANT_DATA_AGE | SENT | PLANT DATA AGE ALERT: Plant station data file is 173.77 hours old.
2025-07-20 01:55:44 | PLANT_DATA_AGE | SENT | PLANT DATA AGE ALERT: Plant station data file is 174.77 hours old.
2025-07-20 02:55:51 | PLANT_DATA_AGE | SENT | PLANT DATA AGE ALERT: Plant station data file is 175.78 hours old.
2025-07-20 03:55:59 | PLANT_DATA_AGE | SENT | PLANT DATA AGE ALERT: Plant station data file is 176.78 hours old.
2025-07-20 03:56:19 | DAILY_SUMMARY | SENT | Daily summary report for 2025-07-20
2025-07-20 04:56:25 | PLANT_DATA_AGE | SENT | PLANT DATA AGE ALERT: Plant station data file is 177.79 hours old.
2025-07-20 05:56:32 | PLANT_DATA_AGE | SENT | PLANT DATA AGE ALERT: Plant station data file is 178.79 hours old.
2025-07-20 06:56:38 | PLANT_DATA_AGE | SENT | PLANT DATA AGE ALERT: Plant station data file is 179.79 hours old.
2025-07-20 07:56:43 | PLANT_DATA_AGE | SENT | PLANT DATA AGE ALERT: Plant station data file is 180.79 hours old.
2025-07-20 08:56:47 | PLANT_DATA_AGE | SENT | PLANT DATA AGE ALERT: Plant station data file is 181.79 hours old.
2025-07-20 09:56:53 | PLANT_DATA_AGE | SENT | PLANT DATA AGE ALERT: Plant station data file is 182.79 hours old.
2025-07-20 10:56:57 | PLANT_DATA_AGE | SENT | PLANT DATA AGE ALERT: Plant station data file is 183.80 hours old.
2025-07-20 11:57:03 | PLANT_DATA_AGE | SENT | PLANT DATA AGE ALERT: Plant station data file is 184.80 hours old.
2025-07-20 12:57:09 | PLANT_DATA_AGE | SENT | PLANT DATA AGE ALERT: Plant station data file is 185.80 hours old.
2025-07-20 13:57:13 | PLANT_DATA_AGE | SENT | PLANT DATA AGE ALERT: Plant station data file is 186.80 hours old.
2025-07-20 14:57:18 | PLANT_DATA_AGE | SENT | PLANT DATA AGE ALERT: Plant station data file is 187.80 hours old.
2025-07-20 15:57:24 | PLANT_DATA_AGE | SENT | PLANT DATA AGE ALERT: Plant station data file is 188.80 hours old.
2025-07-20 16:57:30 | PLANT_DATA_AGE | SENT | PLANT DATA AGE ALERT: Plant station data file is 189.80 hours old.
2025-07-20 16:57:54 | DAILY_SUMMARY | SENT | Daily summary report for 2025-07-20
2025-07-20 17:58:01 | PLANT_DATA_AGE | SENT | PLANT DATA AGE ALERT: Plant station data file is 190.81 hours old.
2025-07-20 18:58:05 | PLANT_DATA_AGE | SENT | PLANT DATA AGE ALERT: Plant station data file is 191.81 hours old.
2025-07-20 19:58:09 | PLANT_DATA_AGE | SENT | PLANT DATA AGE ALERT: Plant station data file is 192.82 hours old.
2025-07-20 20:58:15 | PLANT_DATA_AGE | SENT | PLANT DATA AGE ALERT: Plant station data file is 193.82 hours old.
2025-07-20 21:58:21 | PLANT_DATA_AGE | SENT | PLANT DATA AGE ALERT: Plant station data file is 194.82 hours old.
2025-07-20 22:58:26 | PLANT_DATA_AGE | SENT | PLANT DATA AGE ALERT: Plant station data file is 195.82 hours old.
2025-07-20 23:58:30 | PLANT_DATA_AGE | SENT | PLANT DATA AGE ALERT: Plant station data file is 196.82 hours old.
2025-07-21 00:58:34 | PLANT_DATA_AGE | SENT | PLANT DATA AGE ALERT: Plant station data file is 197.82 hours old.
2025-07-21 01:58:39 | PLANT_DATA_AGE | SENT | PLANT DATA AGE ALERT: Plant station data file is 198.82 hours old.
2025-07-21 02:58:45 | PLANT_DATA_AGE | SENT | PLANT DATA AGE ALERT: Plant station data file is 199.83 hours old.
2025-07-21 03:58:49 | PLANT_DATA_AGE | SENT | PLANT DATA AGE ALERT: Plant station data file is 200.83 hours old.
2025-07-21 04:58:55 | PLANT_DATA_AGE | SENT | PLANT DATA AGE ALERT: Plant station data file is 201.83 hours old.
2025-07-21 05:59:01 | PLANT_DATA_AGE | SENT | PLANT DATA AGE ALERT: Plant station data file is 202.83 hours old.
2025-07-21 06:59:06 | PLANT_DATA_AGE | SENT | PLANT DATA AGE ALERT: Plant station data file is 203.83 hours old.
2025-07-21 07:59:10 | PLANT_DATA_AGE | SENT | PLANT DATA AGE ALERT: Plant station data file is 204.83 hours old.
2025-07-21 08:59:14 | PLANT_DATA_AGE | SENT | PLANT DATA AGE ALERT: Plant station data file is 205.83 hours old.
2025-07-21 09:59:18 | PLANT_DATA_AGE | SENT | PLANT DATA AGE ALERT: Plant station data file is 206.84 hours old.
2025-07-21 10:59:23 | PLANT_DATA_AGE | SENT | PLANT DATA AGE ALERT: Plant station data file is 207.84 hours old.
2025-07-21 11:59:27 | PLANT_DATA_AGE | SENT | PLANT DATA AGE ALERT: Plant station data file is 208.84 hours old.
2025-07-21 12:59:33 | PLANT_DATA_AGE | SENT | PLANT DATA AGE ALERT: Plant station data file is 209.84 hours old.
2025-07-21 13:59:39 | PLANT_DATA_AGE | SENT | PLANT DATA AGE ALERT: Plant station data file is 210.84 hours old.
2025-07-21 13:59:58 | DAILY_SUMMARY | SENT | Daily summary report for 2025-07-21
2025-07-21 15:00:03 | PLANT_DATA_AGE | SENT | PLANT DATA AGE ALERT: Plant station data file is 211.85 hours old.
2025-07-21 16:00:08 | PLANT_DATA_AGE | SENT | PLANT DATA AGE ALERT: Plant station data file is 212.85 hours old.
2025-07-21 17:00:13 | PLANT_DATA_AGE | SENT | PLANT DATA AGE ALERT: Plant station data file is 213.85 hours old.
2025-07-21 18:00:18 | PLANT_DATA_AGE | SENT | PLANT DATA AGE ALERT: Plant station data file is 214.85 hours old.
2025-07-21 19:00:24 | PLANT_DATA_AGE | SENT | PLANT DATA AGE ALERT: Plant station data file is 215.85 hours old.
2025-07-21 20:00:29 | PLANT_DATA_AGE | SENT | PLANT DATA AGE ALERT: Plant station data file is 216.85 hours old.
2025-07-21 21:00:34 | PLANT_DATA_AGE | SENT | PLANT DATA AGE ALERT: Plant station data file is 217.86 hours old.
2025-07-21 22:00:40 | PLANT_DATA_AGE | SENT | PLANT DATA AGE ALERT: Plant station data file is 218.86 hours old.
2025-07-21 23:00:45 | PLANT_DATA_AGE | SENT | PLANT DATA AGE ALERT: Plant station data file is 219.86 hours old.
2025-07-22 00:00:49 | PLANT_DATA_AGE | SENT | PLANT DATA AGE ALERT: Plant station data file is 220.86 hours old.
2025-07-22 01:00:55 | PLANT_DATA_AGE | SENT | PLANT DATA AGE ALERT: Plant station data file is 221.86 hours old.
2025-07-22 02:00:59 | PLANT_DATA_AGE | SENT | PLANT DATA AGE ALERT: Plant station data file is 222.86 hours old.
2025-07-22 03:01:04 | PLANT_DATA_AGE | SENT | PLANT DATA AGE ALERT: Plant station data file is 223.86 hours old.
2025-07-22 04:01:09 | PLANT_DATA_AGE | SENT | PLANT DATA AGE ALERT: Plant station data file is 224.87 hours old.
2025-07-22 05:01:14 | PLANT_DATA_AGE | SENT | PLANT DATA AGE ALERT: Plant station data file is 225.87 hours old.
2025-07-22 06:01:22 | PLANT_DATA_AGE | SENT | PLANT DATA AGE ALERT: Plant station data file is 226.87 hours old.
2025-07-22 07:01:28 | PLANT_DATA_AGE | SENT | PLANT DATA AGE ALERT: Plant station data file is 227.87 hours old.
2025-07-22 07:01:53 | DAILY_SUMMARY | SENT | Daily summary report for 2025-07-22
2025-07-22 08:02:03 | PLANT_DATA_AGE | SENT | PLANT DATA AGE ALERT: Plant station data file is 228.88 hours old.
2025-07-22 09:02:09 | PLANT_DATA_AGE | SENT | PLANT DATA AGE ALERT: Plant station data file is 229.88 hours old.
2025-07-22 10:02:15 | PLANT_DATA_AGE | SENT | PLANT DATA AGE ALERT: Plant station data file is 230.88 hours old.
2025-07-22 11:02:21 | PLANT_DATA_AGE | SENT | PLANT DATA AGE ALERT: Plant station data file is 231.89 hours old.
2025-07-22 12:02:26 | PLANT_DATA_AGE | SENT | PLANT DATA AGE ALERT: Plant station data file is 232.89 hours old.
2025-07-22 13:02:30 | PLANT_DATA_AGE | SENT | PLANT DATA AGE ALERT: Plant station data file is 233.89 hours old.
2025-07-22 14:02:36 | PLANT_DATA_AGE | SENT | PLANT DATA AGE ALERT: Plant station data file is 234.89 hours old.
2025-07-22 15:02:41 | PLANT_DATA_AGE | SENT | PLANT DATA AGE ALERT: Plant station data file is 235.89 hours old.
2025-07-22 16:02:46 | PLANT_DATA_AGE | SENT | PLANT DATA AGE ALERT: Plant station data file is 236.89 hours old.
2025-07-22 17:02:50 | PLANT_DATA_AGE | SENT | PLANT DATA AGE ALERT: Plant station data file is 237.89 hours old.
2025-07-22 18:02:56 | PLANT_DATA_AGE | SENT | PLANT DATA AGE ALERT: Plant station data file is 238.90 hours old.
2025-07-22 19:03:00 | PLANT_DATA_AGE | SENT | PLANT DATA AGE ALERT: Plant station data file is 239.90 hours old.
2025-07-22 20:03:06 | PLANT_DATA_AGE | SENT | PLANT DATA AGE ALERT: Plant station data file is 240.90 hours old.
2025-07-22 21:03:11 | PLANT_DATA_AGE | SENT | PLANT DATA AGE ALERT: Plant station data file is 241.90 hours old.
2025-07-22 22:03:17 | PLANT_DATA_AGE | SENT | PLANT DATA AGE ALERT: Plant station data file is 242.90 hours old.
2025-07-22 22:03:33 | DAILY_SUMMARY | SENT | Daily summary report for 2025-07-22
2025-07-22 23:03:38 | PLANT_DATA_AGE | SENT | PLANT DATA AGE ALERT: Plant station data file is 243.91 hours old.
2025-07-23 00:03:42 | PLANT_DATA_AGE | SENT | PLANT DATA AGE ALERT: Plant station data file is 244.91 hours old.
2025-07-23 01:03:46 | PLANT_DATA_AGE | SENT | PLANT DATA AGE ALERT: Plant station data file is 245.91 hours old.
2025-07-23 02:03:53 | PLANT_DATA_AGE | SENT | PLANT DATA AGE ALERT: Plant station data file is 246.91 hours old.
2025-07-23 03:03:58 | PLANT_DATA_AGE | SENT | PLANT DATA AGE ALERT: Plant station data file is 247.91 hours old.
2025-07-23 04:04:02 | PLANT_DATA_AGE | SENT | PLANT DATA AGE ALERT: Plant station data file is 248.91 hours old.
2025-07-23 05:04:07 | PLANT_DATA_AGE | SENT | PLANT DATA AGE ALERT: Plant station data file is 249.92 hours old.
2025-07-23 06:04:13 | PLANT_DATA_AGE | SENT | PLANT DATA AGE ALERT: Plant station data file is 250.92 hours old.
2025-07-23 07:04:17 | PLANT_DATA_AGE | SENT | PLANT DATA AGE ALERT: Plant station data file is 251.92 hours old.
2025-07-23 08:04:23 | PLANT_DATA_AGE | SENT | PLANT DATA AGE ALERT: Plant station data file is 252.92 hours old.
2025-07-23 09:04:29 | PLANT_DATA_AGE | SENT | PLANT DATA AGE ALERT: Plant station data file is 253.92 hours old.
2025-07-23 10:04:33 | PLANT_DATA_AGE | SENT | PLANT DATA AGE ALERT: Plant station data file is 254.92 hours old.
2025-07-23 11:04:37 | PLANT_DATA_AGE | SENT | PLANT DATA AGE ALERT: Plant station data file is 255.92 hours old.
2025-07-23 12:04:42 | PLANT_DATA_AGE | SENT | PLANT DATA AGE ALERT: Plant station data file is 256.93 hours old.
2025-07-23 13:04:47 | PLANT_DATA_AGE | SENT | PLANT DATA AGE ALERT: Plant station data file is 257.93 hours old.
2025-07-23 14:04:51 | PLANT_DATA_AGE | SENT | PLANT DATA AGE ALERT: Plant station data file is 258.93 hours old.
2025-07-23 15:04:55 | PLANT_DATA_AGE | SENT | PLANT DATA AGE ALERT: Plant station data file is 259.93 hours old.
2025-07-23 15:05:14 | DAILY_SUMMARY | SENT | Daily summary report for 2025-07-23
2025-07-23 16:05:19 | PLANT_DATA_AGE | SENT | PLANT DATA AGE ALERT: Plant station data file is 260.94 hours old.
2025-07-23 17:05:25 | PLANT_DATA_AGE | SENT | PLANT DATA AGE ALERT: Plant station data file is 261.94 hours old.
2025-07-23 18:05:29 | PLANT_DATA_AGE | SENT | PLANT DATA AGE ALERT: Plant station data file is 262.94 hours old.
2025-07-23 19:05:35 | PLANT_DATA_AGE | SENT | PLANT DATA AGE ALERT: Plant station data file is 263.94 hours old.
2025-07-23 20:05:39 | PLANT_DATA_AGE | SENT | PLANT DATA AGE ALERT: Plant station data file is 264.94 hours old.
2025-07-23 21:05:45 | PLANT_DATA_AGE | SENT | PLANT DATA AGE ALERT: Plant station data file is 265.94 hours old.
2025-07-23 22:05:49 | PLANT_DATA_AGE | SENT | PLANT DATA AGE ALERT: Plant station data file is 266.94 hours old.
2025-07-23 23:05:53 | PLANT_DATA_AGE | SENT | PLANT DATA AGE ALERT: Plant station data file is 267.94 hours old.
2025-07-24 00:05:58 | PLANT_DATA_AGE | SENT | PLANT DATA AGE ALERT: Plant station data file is 268.95 hours old.
2025-07-24 01:06:02 | PLANT_DATA_AGE | SENT | PLANT DATA AGE ALERT: Plant station data file is 269.95 hours old.
2025-07-24 02:06:07 | PLANT_DATA_AGE | SENT | PLANT DATA AGE ALERT: Plant station data file is 270.95 hours old.
2025-07-24 03:06:12 | PLANT_DATA_AGE | SENT | PLANT DATA AGE ALERT: Plant station data file is 271.95 hours old.
2025-07-24 04:06:17 | PLANT_DATA_AGE | SENT | PLANT DATA AGE ALERT: Plant station data file is 272.95 hours old.
2025-07-24 05:06:22 | PLANT_DATA_AGE | SENT | PLANT DATA AGE ALERT: Plant station data file is 273.95 hours old.
2025-07-24 06:06:27 | PLANT_DATA_AGE | SENT | PLANT DATA AGE ALERT: Plant station data file is 274.95 hours old.
2025-07-24 07:06:32 | PLANT_DATA_AGE | SENT | PLANT DATA AGE ALERT: Plant station data file is 275.96 hours old.
2025-07-24 08:06:37 | PLANT_DATA_AGE | SENT | PLANT DATA AGE ALERT: Plant station data file is 276.96 hours old.
2025-07-24 09:06:42 | PLANT_DATA_AGE | SENT | PLANT DATA AGE ALERT: Plant station data file is 277.96 hours old.
2025-07-24 10:06:47 | PLANT_DATA_AGE | SENT | PLANT DATA AGE ALERT: Plant station data file is 278.96 hours old.
2025-07-24 10:07:09 | DAILY_SUMMARY | SENT | Daily summary report for 2025-07-24
2025-07-24 11:07:15 | PLANT_DATA_AGE | SENT | PLANT DATA AGE ALERT: Plant station data file is 279.97 hours old.
2025-07-24 12:07:19 | PLANT_DATA_AGE | SENT | PLANT DATA AGE ALERT: Plant station data file is 280.97 hours old.
2025-07-24 13:07:24 | PLANT_DATA_AGE | SENT | PLANT DATA AGE ALERT: Plant station data file is 281.97 hours old.
2025-07-24 14:07:29 | PLANT_DATA_AGE | SENT | PLANT DATA AGE ALERT: Plant station data file is 282.97 hours old.
2025-07-24 15:07:34 | PLANT_DATA_AGE | SENT | PLANT DATA AGE ALERT: Plant station data file is 283.97 hours old.
2025-07-24 16:07:39 | PLANT_DATA_AGE | SENT | PLANT DATA AGE ALERT: Plant station data file is 284.97 hours old.
2025-07-24 17:07:44 | PLANT_DATA_AGE | SENT | PLANT DATA AGE ALERT: Plant station data file is 285.98 hours old.
2025-07-24 18:07:49 | PLANT_DATA_AGE | SENT | PLANT DATA AGE ALERT: Plant station data file is 286.98 hours old.
2025-07-24 19:07:54 | PLANT_DATA_AGE | SENT | PLANT DATA AGE ALERT: Plant station data file is 287.98 hours old.
2025-07-24 20:07:59 | PLANT_DATA_AGE | SENT | PLANT DATA AGE ALERT: Plant station data file is 288.98 hours old.
2025-07-24 21:08:04 | PLANT_DATA_AGE | SENT | PLANT DATA AGE ALERT: Plant station data file is 289.98 hours old.
2025-07-24 22:08:09 | PLANT_DATA_AGE | SENT | PLANT DATA AGE ALERT: Plant station data file is 290.98 hours old.
2025-07-24 23:08:14 | PLANT_DATA_AGE | SENT | PLANT DATA AGE ALERT: Plant station data file is 291.98 hours old.
2025-07-25 00:08:19 | PLANT_DATA_AGE | SENT | PLANT DATA AGE ALERT: Plant station data file is 292.99 hours old.
2025-07-25 01:08:24 | PLANT_DATA_AGE | SENT | PLANT DATA AGE ALERT: Plant station data file is 293.99 hours old.
2025-07-25 02:08:29 | PLANT_DATA_AGE | SENT | PLANT DATA AGE ALERT: Plant station data file is 294.99 hours old.
2025-07-25 02:08:43 | DAILY_SUMMARY | SENT | Daily summary report for 2025-07-25
2025-07-25 03:08:48 | PLANT_DATA_AGE | SENT | PLANT DATA AGE ALERT: Plant station data file is 295.99 hours old.
2025-07-25 04:08:53 | PLANT_DATA_AGE | SENT | PLANT DATA AGE ALERT: Plant station data file is 296.99 hours old.
2025-07-25 05:08:58 | PLANT_DATA_AGE | SENT | PLANT DATA AGE ALERT: Plant station data file is 298.00 hours old.
2025-07-25 06:09:03 | PLANT_DATA_AGE | SENT | PLANT DATA AGE ALERT: Plant station data file is 299.00 hours old.
2025-07-25 07:09:08 | PLANT_DATA_AGE | SENT | PLANT DATA AGE ALERT: Plant station data file is 300.00 hours old.
2025-07-25 08:09:13 | PLANT_DATA_AGE | SENT | PLANT DATA AGE ALERT: Plant station data file is 301.00 hours old.
2025-07-25 09:09:18 | PLANT_DATA_AGE | SENT | PLANT DATA AGE ALERT: Plant station data file is 302.00 hours old.
2025-07-25 10:09:22 | PLANT_DATA_AGE | SENT | PLANT DATA AGE ALERT: Plant station data file is 303.00 hours old.
2025-07-25 11:09:27 | PLANT_DATA_AGE | SENT | PLANT DATA AGE ALERT: Plant station data file is 304.00 hours old.
2025-07-25 12:09:32 | PLANT_DATA_AGE | SENT | PLANT DATA AGE ALERT: Plant station data file is 305.01 hours old.
2025-07-25 13:09:37 | PLANT_DATA_AGE | SENT | PLANT DATA AGE ALERT: Plant station data file is 306.01 hours old.
2025-07-25 14:09:42 | PLANT_DATA_AGE | SENT | PLANT DATA AGE ALERT: Plant station data file is 307.01 hours old.
2025-07-25 15:09:47 | PLANT_DATA_AGE | SENT | PLANT DATA AGE ALERT: Plant station data file is 308.01 hours old.
2025-07-25 16:09:52 | PLANT_DATA_AGE | SENT | PLANT DATA AGE ALERT: Plant station data file is 309.01 hours old.
2025-07-25 17:09:57 | PLANT_DATA_AGE | SENT | PLANT DATA AGE ALERT: Plant station data file is 310.01 hours old.
2025-07-25 18:10:02 | PLANT_DATA_AGE | SENT | PLANT DATA AGE ALERT: Plant station data file is 311.01 hours old.
2025-07-25 19:10:07 | PLANT_DATA_AGE | SENT | PLANT DATA AGE ALERT: Plant station data file is 312.02 hours old.
2025-07-25 20:10:12 | PLANT_DATA_AGE | SENT | PLANT DATA AGE ALERT: Plant station data file is 313.02 hours old.
2025-07-25 20:10:34 | DAILY_SUMMARY | SENT | Daily summary report for 2025-07-25
2025-07-25 21:10:39 | PLANT_DATA_AGE | SENT | PLANT DATA AGE ALERT: Plant station data file is 314.02 hours old.
2025-07-25 22:10:44 | PLANT_DATA_AGE | SENT | PLANT DATA AGE ALERT: Plant station data file is 315.03 hours old.
2025-07-25 23:10:49 | PLANT_DATA_AGE | SENT | PLANT DATA AGE ALERT: Plant station data file is 316.03 hours old.
2025-07-26 00:10:54 | PLANT_DATA_AGE | SENT | PLANT DATA AGE ALERT: Plant station data file is 317.03 hours old.
2025-07-26 01:10:59 | PLANT_DATA_AGE | SENT | PLANT DATA AGE ALERT: Plant station data file is 318.03 hours old.
2025-07-26 02:11:04 | PLANT_DATA_AGE | SENT | PLANT DATA AGE ALERT: Plant station data file is 319.03 hours old.
2025-07-26 03:11:09 | PLANT_DATA_AGE | SENT | PLANT DATA AGE ALERT: Plant station data file is 320.03 hours old.
2025-07-26 04:11:14 | PLANT_DATA_AGE | SENT | PLANT DATA AGE ALERT: Plant station data file is 321.03 hours old.
2025-07-26 05:11:19 | PLANT_DATA_AGE | SENT | PLANT DATA AGE ALERT: Plant station data file is 322.04 hours old.
2025-07-26 06:11:24 | PLANT_DATA_AGE | SENT | PLANT DATA AGE ALERT: Plant station data file is 323.04 hours old.
2025-07-26 07:11:29 | PLANT_DATA_AGE | SENT | PLANT DATA AGE ALERT: Plant station data file is 324.04 hours old.
2025-07-26 08:11:34 | PLANT_DATA_AGE | SENT | PLANT DATA AGE ALERT: Plant station data file is 325.04 hours old.
2025-07-26 09:11:39 | PLANT_DATA_AGE | SENT | PLANT DATA AGE ALERT: Plant station data file is 326.04 hours old.
2025-07-26 10:11:45 | PLANT_DATA_AGE | SENT | PLANT DATA AGE ALERT: Plant station data file is 327.04 hours old.
2025-07-26 11:11:49 | PLANT_DATA_AGE | SENT | PLANT DATA AGE ALERT: Plant station data file is 328.04 hours old.
2025-07-26 12:11:54 | PLANT_DATA_AGE | SENT | PLANT DATA AGE ALERT: Plant station data file is 329.04 hours old.
2025-07-26 13:11:59 | PLANT_DATA_AGE | SENT | PLANT DATA AGE ALERT: Plant station data file is 330.05 hours old.
2025-07-26 14:12:04 | PLANT_DATA_AGE | SENT | PLANT DATA AGE ALERT: Plant station data file is 331.05 hours old.
2025-07-26 15:12:09 | PLANT_DATA_AGE | SENT | PLANT DATA AGE ALERT: Plant station data file is 332.05 hours old.
2025-07-26 16:12:14 | PLANT_DATA_AGE | SENT | PLANT DATA AGE ALERT: Plant station data file is 333.05 hours old.
2025-07-26 16:12:36 | DAILY_SUMMARY | SENT | Daily summary report for 2025-07-26
2025-07-26 17:12:41 | PLANT_DATA_AGE | SENT | PLANT DATA AGE ALERT: Plant station data file is 334.06 hours old.
2025-07-26 18:12:46 | PLANT_DATA_AGE | SENT | PLANT DATA AGE ALERT: Plant station data file is 335.06 hours old.
2025-07-26 19:12:52 | PLANT_DATA_AGE | SENT | PLANT DATA AGE ALERT: Plant station data file is 336.06 hours old.
2025-07-26 20:12:57 | PLANT_DATA_AGE | SENT | PLANT DATA AGE ALERT: Plant station data file is 337.06 hours old.
2025-07-26 21:13:02 | PLANT_DATA_AGE | SENT | PLANT DATA AGE ALERT: Plant station data file is 338.06 hours old.
2025-07-26 22:13:07 | PLANT_DATA_AGE | SENT | PLANT DATA AGE ALERT: Plant station data file is 339.07 hours old.
2025-07-26 23:13:12 | PLANT_DATA_AGE | SENT | PLANT DATA AGE ALERT: Plant station data file is 340.07 hours old.
2025-07-27 00:13:17 | PLANT_DATA_AGE | SENT | PLANT DATA AGE ALERT: Plant station data file is 341.07 hours old.
2025-07-27 01:13:22 | PLANT_DATA_AGE | SENT | PLANT DATA AGE ALERT: Plant station data file is 342.07 hours old.
2025-07-27 02:13:27 | PLANT_DATA_AGE | SENT | PLANT DATA AGE ALERT: Plant station data file is 343.07 hours old.
2025-07-27 03:13:32 | PLANT_DATA_AGE | SENT | PLANT DATA AGE ALERT: Plant station data file is 344.07 hours old.
2025-07-27 04:13:37 | PLANT_DATA_AGE | SENT | PLANT DATA AGE ALERT: Plant station data file is 345.07 hours old.
2025-07-27 05:13:42 | PLANT_DATA_AGE | SENT | PLANT DATA AGE ALERT: Plant station data file is 346.07 hours old.
2025-07-27 06:13:47 | PLANT_DATA_AGE | SENT | PLANT DATA AGE ALERT: Plant station data file is 347.08 hours old.
2025-07-27 07:13:52 | PLANT_DATA_AGE | SENT | PLANT DATA AGE ALERT: Plant station data file is 348.08 hours old.
2025-07-27 08:13:56 | PLANT_DATA_AGE | SENT | PLANT DATA AGE ALERT: Plant station data file is 349.08 hours old.
2025-07-27 08:14:19 | DAILY_SUMMARY | SENT | Daily summary report for 2025-07-27
2025-07-27 09:14:24 | PLANT_DATA_AGE | SENT | PLANT DATA AGE ALERT: Plant station data file is 350.09 hours old.
2025-07-27 10:14:29 | PLANT_DATA_AGE | SENT | PLANT DATA AGE ALERT: Plant station data file is 351.09 hours old.
2025-07-27 11:14:34 | PLANT_DATA_AGE | SENT | PLANT DATA AGE ALERT: Plant station data file is 352.09 hours old.
2025-07-27 12:14:39 | PLANT_DATA_AGE | SENT | PLANT DATA AGE ALERT: Plant station data file is 353.09 hours old.
2025-07-27 13:14:44 | PLANT_DATA_AGE | SENT | PLANT DATA AGE ALERT: Plant station data file is 354.09 hours old.
2025-07-27 14:14:49 | PLANT_DATA_AGE | SENT | PLANT DATA AGE ALERT: Plant station data file is 355.09 hours old.
2025-07-27 15:14:55 | PLANT_DATA_AGE | SENT | PLANT DATA AGE ALERT: Plant station data file is 356.09 hours old.
2025-07-27 16:15:00 | PLANT_DATA_AGE | SENT | PLANT DATA AGE ALERT: Plant station data file is 357.10 hours old.
2025-07-27 17:15:05 | PLANT_DATA_AGE | SENT | PLANT DATA AGE ALERT: Plant station data file is 358.10 hours old.
2025-07-27 18:15:10 | PLANT_DATA_AGE | SENT | PLANT DATA AGE ALERT: Plant station data file is 359.10 hours old.
2025-07-27 19:15:15 | PLANT_DATA_AGE | SENT | PLANT DATA AGE ALERT: Plant station data file is 360.10 hours old.
2025-07-27 20:15:20 | PLANT_DATA_AGE | SENT | PLANT DATA AGE ALERT: Plant station data file is 361.10 hours old.
2025-07-27 21:15:25 | PLANT_DATA_AGE | SENT | PLANT DATA AGE ALERT: Plant station data file is 362.10 hours old.
2025-07-27 22:15:30 | PLANT_DATA_AGE | SENT | PLANT DATA AGE ALERT: Plant station data file is 363.10 hours old.
2025-07-27 23:15:35 | PLANT_DATA_AGE | SENT | PLANT DATA AGE ALERT: Plant station data file is 364.11 hours old.
2025-07-28 00:15:40 | PLANT_DATA_AGE | SENT | PLANT DATA AGE ALERT: Plant station data file is 365.11 hours old.
2025-07-28 01:15:45 | PLANT_DATA_AGE | SENT | PLANT DATA AGE ALERT: Plant station data file is 366.11 hours old.
2025-07-28 02:15:50 | PLANT_DATA_AGE | SENT | PLANT DATA AGE ALERT: Plant station data file is 367.11 hours old.
2025-07-28 03:15:55 | PLANT_DATA_AGE | SENT | PLANT DATA AGE ALERT: Plant station data file is 368.11 hours old.
2025-07-28 04:16:01 | PLANT_DATA_AGE | SENT | PLANT DATA AGE ALERT: Plant station data file is 369.11 hours old.
2025-07-28 04:16:16 | DAILY_SUMMARY | SENT | Daily summary report for 2025-07-28
2025-07-28 05:16:22 | PLANT_DATA_AGE | SENT | PLANT DATA AGE ALERT: Plant station data file is 370.12 hours old.
2025-07-28 06:16:27 | PLANT_DATA_AGE | SENT | PLANT DATA AGE ALERT: Plant station data file is 371.12 hours old.
2025-07-28 07:16:32 | PLANT_DATA_AGE | SENT | PLANT DATA AGE ALERT: Plant station data file is 372.12 hours old.
2025-07-28 08:16:45 | PLANT_DATA_AGE | SENT | PLANT DATA AGE ALERT: Plant station data file is 373.12 hours old.
2025-07-28 09:16:52 | PLANT_DATA_AGE | SENT | PLANT DATA AGE ALERT: Plant station data file is 374.13 hours old.
2025-07-28 10:16:57 | PLANT_DATA_AGE | SENT | PLANT DATA AGE ALERT: Plant station data file is 375.13 hours old.
2025-07-28 11:17:02 | PLANT_DATA_AGE | SENT | PLANT DATA AGE ALERT: Plant station data file is 376.13 hours old.
2025-07-28 12:17:06 | PLANT_DATA_AGE | SENT | PLANT DATA AGE ALERT: Plant station data file is 377.13 hours old.
2025-07-28 13:17:11 | PLANT_DATA_AGE | SENT | PLANT DATA AGE ALERT: Plant station data file is 378.13 hours old.
2025-07-28 14:17:16 | PLANT_DATA_AGE | SENT | PLANT DATA AGE ALERT: Plant station data file is 379.13 hours old.
2025-07-28 15:17:21 | PLANT_DATA_AGE | SENT | PLANT DATA AGE ALERT: Plant station data file is 380.14 hours old.
2025-07-28 16:17:26 | PLANT_DATA_AGE | SENT | PLANT DATA AGE ALERT: Plant station data file is 381.14 hours old.
2025-07-28 17:17:31 | PLANT_DATA_AGE | SENT | PLANT DATA AGE ALERT: Plant station data file is 382.14 hours old.
2025-07-28 18:17:36 | PLANT_DATA_AGE | SENT | PLANT DATA AGE ALERT: Plant station data file is 383.14 hours old.
2025-07-28 19:17:40 | PLANT_DATA_AGE | SENT | PLANT DATA AGE ALERT: Plant station data file is 384.14 hours old.
2025-07-28 19:18:02 | DAILY_SUMMARY | SENT | Daily summary report for 2025-07-28
2025-07-28 20:18:07 | PLANT_DATA_AGE | SENT | PLANT DATA AGE ALERT: Plant station data file is 385.15 hours old.
2025-07-28 21:18:13 | PLANT_DATA_AGE | SENT | PLANT DATA AGE ALERT: Plant station data file is 386.15 hours old.
2025-07-28 22:18:18 | PLANT_DATA_AGE | SENT | PLANT DATA AGE ALERT: Plant station data file is 387.15 hours old.
2025-07-28 23:18:22 | PLANT_DATA_AGE | SENT | PLANT DATA AGE ALERT: Plant station data file is 388.15 hours old.
2025-07-29 00:18:28 | PLANT_DATA_AGE | SENT | PLANT DATA AGE ALERT: Plant station data file is 389.15 hours old.
2025-07-29 01:18:32 | PLANT_DATA_AGE | SENT | PLANT DATA AGE ALERT: Plant station data file is 390.16 hours old.
2025-07-29 02:18:37 | PLANT_DATA_AGE | SENT | PLANT DATA AGE ALERT: Plant station data file is 391.16 hours old.
2025-07-29 03:18:42 | PLANT_DATA_AGE | SENT | PLANT DATA AGE ALERT: Plant station data file is 392.16 hours old.
2025-07-29 04:18:47 | PLANT_DATA_AGE | SENT | PLANT DATA AGE ALERT: Plant station data file is 393.16 hours old.
2025-07-29 05:18:52 | PLANT_DATA_AGE | SENT | PLANT DATA AGE ALERT: Plant station data file is 394.16 hours old.
2025-07-29 06:18:57 | PLANT_DATA_AGE | SENT | PLANT DATA AGE ALERT: Plant station data file is 395.16 hours old.
2025-07-29 07:19:02 | PLANT_DATA_AGE | SENT | PLANT DATA AGE ALERT: Plant station data file is 396.16 hours old.
2025-07-29 08:19:07 | PLANT_DATA_AGE | SENT | PLANT DATA AGE ALERT: Plant station data file is 397.17 hours old.
2025-07-29 09:19:12 | PLANT_DATA_AGE | SENT | PLANT DATA AGE ALERT: Plant station data file is 398.17 hours old.
2025-07-29 10:19:17 | PLANT_DATA_AGE | SENT | PLANT DATA AGE ALERT: Plant station data file is 399.17 hours old.
2025-07-29 10:19:37 | DAILY_SUMMARY | SENT | Daily summary report for 2025-07-29
2025-07-29 11:19:42 | PLANT_DATA_AGE | SENT | PLANT DATA AGE ALERT: Plant station data file is 400.17 hours old.
2025-07-29 12:19:47 | PLANT_DATA_AGE | SENT | PLANT DATA AGE ALERT: Plant station data file is 401.18 hours old.
2025-07-29 13:19:51 | PLANT_DATA_AGE | SENT | PLANT DATA AGE ALERT: Plant station data file is 402.18 hours old.
2025-07-29 14:19:56 | PLANT_DATA_AGE | SENT | PLANT DATA AGE ALERT: Plant station data file is 403.18 hours old.
2025-07-29 15:20:01 | PLANT_DATA_AGE | SENT | PLANT DATA AGE ALERT: Plant station data file is 404.18 hours old.
2025-07-29 16:20:07 | PLANT_DATA_AGE | SENT | PLANT DATA AGE ALERT: Plant station data file is 405.18 hours old.
2025-07-29 17:20:12 | PLANT_DATA_AGE | SENT | PLANT DATA AGE ALERT: Plant station data file is 406.18 hours old.
2025-07-29 18:20:17 | PLANT_DATA_AGE | SENT | PLANT DATA AGE ALERT: Plant station data file is 407.18 hours old.
2025-07-29 19:20:22 | PLANT_DATA_AGE | SENT | PLANT DATA AGE ALERT: Plant station data file is 408.19 hours old.
2025-07-29 20:20:27 | PLANT_DATA_AGE | SENT | PLANT DATA AGE ALERT: Plant station data file is 409.19 hours old.
2025-07-29 21:20:32 | PLANT_DATA_AGE | SENT | PLANT DATA AGE ALERT: Plant station data file is 410.19 hours old.
2025-07-29 22:20:37 | PLANT_DATA_AGE | SENT | PLANT DATA AGE ALERT: Plant station data file is 411.19 hours old.
2025-07-29 23:20:42 | PLANT_DATA_AGE | SENT | PLANT DATA AGE ALERT: Plant station data file is 412.19 hours old.
2025-07-30 00:20:47 | PLANT_DATA_AGE | SENT | PLANT DATA AGE ALERT: Plant station data file is 413.19 hours old.
2025-07-30 01:20:52 | PLANT_DATA_AGE | SENT | PLANT DATA AGE ALERT: Plant station data file is 414.19 hours old.
2025-07-30 02:20:57 | PLANT_DATA_AGE | SENT | PLANT DATA AGE ALERT: Plant station data file is 415.20 hours old.
2025-07-30 02:21:12 | DAILY_SUMMARY | SENT | Daily summary report for 2025-07-30
2025-07-30 03:21:17 | PLANT_DATA_AGE | SENT | PLANT DATA AGE ALERT: Plant station data file is 416.20 hours old.
2025-07-30 04:21:22 | PLANT_DATA_AGE | SENT | PLANT DATA AGE ALERT: Plant station data file is 417.20 hours old.
2025-07-30 05:21:27 | PLANT_DATA_AGE | SENT | PLANT DATA AGE ALERT: Plant station data file is 418.20 hours old.
2025-07-30 06:21:32 | PLANT_DATA_AGE | SENT | PLANT DATA AGE ALERT: Plant station data file is 419.21 hours old.
2025-07-30 07:21:37 | PLANT_DATA_AGE | SENT | PLANT DATA AGE ALERT: Plant station data file is 420.21 hours old.
2025-07-30 08:21:42 | PLANT_DATA_AGE | SENT | PLANT DATA AGE ALERT: Plant station data file is 421.21 hours old.
2025-07-30 09:21:47 | PLANT_DATA_AGE | SENT | PLANT DATA AGE ALERT: Plant station data file is 422.21 hours old.
2025-07-30 10:21:52 | PLANT_DATA_AGE | SENT | PLANT DATA AGE ALERT: Plant station data file is 423.21 hours old.
2025-07-30 11:21:57 | PLANT_DATA_AGE | SENT | PLANT DATA AGE ALERT: Plant station data file is 424.21 hours old.
2025-07-30 12:22:02 | PLANT_DATA_AGE | SENT | PLANT DATA AGE ALERT: Plant station data file is 425.21 hours old.
2025-07-30 13:22:06 | PLANT_DATA_AGE | SENT | PLANT DATA AGE ALERT: Plant station data file is 426.22 hours old.
2025-07-30 14:22:11 | PLANT_DATA_AGE | SENT | PLANT DATA AGE ALERT: Plant station data file is 427.22 hours old.
2025-07-30 15:22:16 | PLANT_DATA_AGE | SENT | PLANT DATA AGE ALERT: Plant station data file is 428.22 hours old.
2025-07-30 16:22:21 | PLANT_DATA_AGE | SENT | PLANT DATA AGE ALERT: Plant station data file is 429.22 hours old.
2025-07-30 17:22:26 | PLANT_DATA_AGE | SENT | PLANT DATA AGE ALERT: Plant station data file is 430.22 hours old.
2025-07-30 18:22:32 | PLANT_DATA_AGE | SENT | PLANT DATA AGE ALERT: Plant station data file is 431.22 hours old.
2025-07-30 19:22:36 | PLANT_DATA_AGE | SENT | PLANT DATA AGE ALERT: Plant station data file is 432.22 hours old.
2025-07-30 20:22:42 | PLANT_DATA_AGE | SENT | PLANT DATA AGE ALERT: Plant station data file is 433.22 hours old.
2025-07-30 21:22:46 | PLANT_DATA_AGE | SENT | PLANT DATA AGE ALERT: Plant station data file is 434.23 hours old.
2025-07-30 21:23:02 | DAILY_SUMMARY | SENT | Daily summary report for 2025-07-30
2025-07-30 22:23:06 | PLANT_DATA_AGE | SENT | PLANT DATA AGE ALERT: Plant station data file is 435.23 hours old.
2025-07-30 23:23:11 | PLANT_DATA_AGE | SENT | PLANT DATA AGE ALERT: Plant station data file is 436.23 hours old.
2025-07-31 00:23:16 | PLANT_DATA_AGE | SENT | PLANT DATA AGE ALERT: Plant station data file is 437.23 hours old.
2025-07-31 01:23:21 | PLANT_DATA_AGE | SENT | PLANT DATA AGE ALERT: Plant station data file is 438.24 hours old.
2025-07-31 02:23:26 | PLANT_DATA_AGE | SENT | PLANT DATA AGE ALERT: Plant station data file is 439.24 hours old.
2025-07-31 03:23:31 | PLANT_DATA_AGE | SENT | PLANT DATA AGE ALERT: Plant station data file is 440.24 hours old.
2025-07-31 04:23:36 | PLANT_DATA_AGE | SENT | PLANT DATA AGE ALERT: Plant station data file is 441.24 hours old.
2025-07-31 05:23:41 | PLANT_DATA_AGE | SENT | PLANT DATA AGE ALERT: Plant station data file is 442.24 hours old.
2025-07-31 06:23:47 | PLANT_DATA_AGE | SENT | PLANT DATA AGE ALERT: Plant station data file is 443.24 hours old.
2025-07-31 07:23:52 | PLANT_DATA_AGE | SENT | PLANT DATA AGE ALERT: Plant station data file is 444.24 hours old.
2025-07-31 08:23:58 | PLANT_DATA_AGE | SENT | PLANT DATA AGE ALERT: Plant station data file is 445.25 hours old.
2025-07-31 09:24:02 | PLANT_DATA_AGE | SENT | PLANT DATA AGE ALERT: Plant station data file is 446.25 hours old.
2025-07-31 10:24:07 | PLANT_DATA_AGE | SENT | PLANT DATA AGE ALERT: Plant station data file is 447.25 hours old.
2025-07-31 11:24:12 | PLANT_DATA_AGE | SENT | PLANT DATA AGE ALERT: Plant station data file is 448.25 hours old.
2025-07-31 11:24:36 | DAILY_SUMMARY | SENT | Daily summary report for 2025-07-31
2025-07-31 12:24:41 | PLANT_DATA_AGE | SENT | PLANT DATA AGE ALERT: Plant station data file is 449.26 hours old.
2025-07-31 13:24:46 | PLANT_DATA_AGE | SENT | PLANT DATA AGE ALERT: Plant station data file is 450.26 hours old.
2025-07-31 14:24:50 | PLANT_DATA_AGE | SENT | PLANT DATA AGE ALERT: Plant station data file is 451.26 hours old.
2025-07-31 15:24:55 | PLANT_DATA_AGE | SENT | PLANT DATA AGE ALERT: Plant station data file is 452.26 hours old.
2025-07-31 16:25:01 | PLANT_DATA_AGE | SENT | PLANT DATA AGE ALERT: Plant station data file is 453.26 hours old.
2025-07-31 17:25:06 | PLANT_DATA_AGE | SENT | PLANT DATA AGE ALERT: Plant station data file is 454.26 hours old.
2025-07-31 18:25:11 | PLANT_DATA_AGE | SENT | PLANT DATA AGE ALERT: Plant station data file is 455.27 hours old.
2025-07-31 19:25:16 | PLANT_DATA_AGE | SENT | PLANT DATA AGE ALERT: Plant station data file is 456.27 hours old.
2025-07-31 20:25:21 | PLANT_DATA_AGE | SENT | PLANT DATA AGE ALERT: Plant station data file is 457.27 hours old.
2025-07-31 21:25:26 | PLANT_DATA_AGE | SENT | PLANT DATA AGE ALERT: Plant station data file is 458.27 hours old.
2025-07-31 22:25:31 | PLANT_DATA_AGE | SENT | PLANT DATA AGE ALERT: Plant station data file is 459.27 hours old.
2025-07-31 23:25:36 | PLANT_DATA_AGE | SENT | PLANT DATA AGE ALERT: Plant station data file is 460.27 hours old.
2025-08-01 00:25:41 | PLANT_DATA_AGE | SENT | PLANT DATA AGE ALERT: Plant station data file is 461.27 hours old.
2025-08-01 01:25:46 | PLANT_DATA_AGE | SENT | PLANT DATA AGE ALERT: Plant station data file is 462.28 hours old.
2025-08-01 02:25:51 | PLANT_DATA_AGE | SENT | PLANT DATA AGE ALERT: Plant station data file is 463.28 hours old.
2025-08-01 02:26:06 | DAILY_SUMMARY | SENT | Daily summary report for 2025-08-01
2025-08-01 03:26:11 | PLANT_DATA_AGE | SENT | PLANT DATA AGE ALERT: Plant station data file is 464.28 hours old.
2025-08-01 04:26:17 | PLANT_DATA_AGE | SENT | PLANT DATA AGE ALERT: Plant station data file is 465.28 hours old.
2025-08-01 05:26:21 | PLANT_DATA_AGE | SENT | PLANT DATA AGE ALERT: Plant station data file is 466.29 hours old.
2025-08-01 06:26:27 | PLANT_DATA_AGE | SENT | PLANT DATA AGE ALERT: Plant station data file is 467.29 hours old.
2025-08-01 07:26:32 | PLANT_DATA_AGE | SENT | PLANT DATA AGE ALERT: Plant station data file is 468.29 hours old.
2025-08-01 08:26:37 | PLANT_DATA_AGE | SENT | PLANT DATA AGE ALERT: Plant station data file is 469.29 hours old.
2025-08-01 09:26:42 | PLANT_DATA_AGE | SENT | PLANT DATA AGE ALERT: Plant station data file is 470.29 hours old.
2025-08-01 10:26:46 | PLANT_DATA_AGE | SENT | PLANT DATA AGE ALERT: Plant station data file is 471.29 hours old.
2025-08-01 11:26:51 | PLANT_DATA_AGE | SENT | PLANT DATA AGE ALERT: Plant station data file is 472.29 hours old.
2025-08-01 12:26:56 | PLANT_DATA_AGE | SENT | PLANT DATA AGE ALERT: Plant station data file is 473.30 hours old.
2025-08-01 13:27:01 | PLANT_DATA_AGE | SENT | PLANT DATA AGE ALERT: Plant station data file is 474.30 hours old.
2025-08-01 14:27:06 | PLANT_DATA_AGE | SENT | PLANT DATA AGE ALERT: Plant station data file is 475.30 hours old.
2025-08-01 15:27:11 | PLANT_DATA_AGE | SENT | PLANT DATA AGE ALERT: Plant station data file is 476.30 hours old.
2025-08-01 15:27:31 | DAILY_SUMMARY | SENT | Daily summary report for 2025-08-01
2025-08-01 16:27:36 | PLANT_DATA_AGE | SENT | PLANT DATA AGE ALERT: Plant station data file is 477.31 hours old.
2025-08-01 17:27:41 | PLANT_DATA_AGE | SENT | PLANT DATA AGE ALERT: Plant station data file is 478.31 hours old.
2025-08-01 18:27:46 | PLANT_DATA_AGE | SENT | PLANT DATA AGE ALERT: Plant station data file is 479.31 hours old.
2025-08-01 19:27:51 | PLANT_DATA_AGE | SENT | PLANT DATA AGE ALERT: Plant station data file is 480.31 hours old.
2025-08-01 20:27:56 | PLANT_DATA_AGE | SENT | PLANT DATA AGE ALERT: Plant station data file is 481.31 hours old.
2025-08-01 21:28:01 | PLANT_DATA_AGE | SENT | PLANT DATA AGE ALERT: Plant station data file is 482.31 hours old.
2025-08-01 22:28:07 | PLANT_DATA_AGE | SENT | PLANT DATA AGE ALERT: Plant station data file is 483.31 hours old.
2025-08-01 23:28:12 | PLANT_DATA_AGE | SENT | PLANT DATA AGE ALERT: Plant station data file is 484.32 hours old.
2025-08-02 00:28:17 | PLANT_DATA_AGE | SENT | PLANT DATA AGE ALERT: Plant station data file is 485.32 hours old.
2025-08-02 01:28:23 | PLANT_DATA_AGE | SENT | PLANT DATA AGE ALERT: Plant station data file is 486.32 hours old.
2025-08-02 02:28:28 | PLANT_DATA_AGE | SENT | PLANT DATA AGE ALERT: Plant station data file is 487.32 hours old.
2025-08-02 03:28:32 | PLANT_DATA_AGE | SENT | PLANT DATA AGE ALERT: Plant station data file is 488.32 hours old.
2025-08-02 04:28:37 | PLANT_DATA_AGE | SENT | PLANT DATA AGE ALERT: Plant station data file is 489.32 hours old.
2025-08-02 05:28:42 | PLANT_DATA_AGE | SENT | PLANT DATA AGE ALERT: Plant station data file is 490.33 hours old.
2025-08-02 06:28:47 | PLANT_DATA_AGE | SENT | PLANT DATA AGE ALERT: Plant station data file is 491.33 hours old.
2025-08-02 07:28:52 | PLANT_DATA_AGE | SENT | PLANT DATA AGE ALERT: Plant station data file is 492.33 hours old.
2025-08-02 08:28:57 | PLANT_DATA_AGE | SENT | PLANT DATA AGE ALERT: Plant station data file is 493.33 hours old.
2025-08-02 08:29:21 | DAILY_SUMMARY | SENT | Daily summary report for 2025-08-02
2025-08-02 09:29:26 | PLANT_DATA_AGE | SENT | PLANT DATA AGE ALERT: Plant station data file is 494.34 hours old.
2025-08-02 10:29:31 | PLANT_DATA_AGE | SENT | PLANT DATA AGE ALERT: Plant station data file is 495.34 hours old.
2025-08-02 11:29:36 | PLANT_DATA_AGE | SENT | PLANT DATA AGE ALERT: Plant station data file is 496.34 hours old.
2025-08-02 12:29:42 | PLANT_DATA_AGE | SENT | PLANT DATA AGE ALERT: Plant station data file is 497.34 hours old.
2025-08-02 13:29:47 | PLANT_DATA_AGE | SENT | PLANT DATA AGE ALERT: Plant station data file is 498.34 hours old.
2025-08-02 14:29:52 | PLANT_DATA_AGE | SENT | PLANT DATA AGE ALERT: Plant station data file is 499.34 hours old.
2025-08-02 15:29:57 | PLANT_DATA_AGE | SENT | PLANT DATA AGE ALERT: Plant station data file is 500.35 hours old.
2025-08-02 16:30:02 | PLANT_DATA_AGE | SENT | PLANT DATA AGE ALERT: Plant station data file is 501.35 hours old.
2025-08-02 17:30:07 | PLANT_DATA_AGE | SENT | PLANT DATA AGE ALERT: Plant station data file is 502.35 hours old.
2025-08-02 18:30:12 | PLANT_DATA_AGE | SENT | PLANT DATA AGE ALERT: Plant station data file is 503.35 hours old.
2025-08-02 19:30:17 | PLANT_DATA_AGE | SENT | PLANT DATA AGE ALERT: Plant station data file is 504.35 hours old.
2025-08-02 20:30:21 | PLANT_DATA_AGE | SENT | PLANT DATA AGE ALERT: Plant station data file is 505.35 hours old.
2025-08-02 21:30:26 | PLANT_DATA_AGE | SENT | PLANT DATA AGE ALERT: Plant station data file is 506.35 hours old.
2025-08-02 22:30:32 | PLANT_DATA_AGE | SENT | PLANT DATA AGE ALERT: Plant station data file is 507.36 hours old.
2025-08-02 23:30:37 | PLANT_DATA_AGE | SENT | PLANT DATA AGE ALERT: Plant station data file is 508.36 hours old.
2025-08-03 00:30:42 | PLANT_DATA_AGE | SENT | PLANT DATA AGE ALERT: Plant station data file is 509.36 hours old.
2025-08-03 01:30:47 | PLANT_DATA_AGE | SENT | PLANT DATA AGE ALERT: Plant station data file is 510.36 hours old.
2025-08-03 02:30:52 | PLANT_DATA_AGE | SENT | PLANT DATA AGE ALERT: Plant station data file is 511.36 hours old.
2025-08-03 03:30:56 | PLANT_DATA_AGE | SENT | PLANT DATA AGE ALERT: Plant station data file is 512.36 hours old.
2025-08-03 04:31:02 | PLANT_DATA_AGE | SENT | PLANT DATA AGE ALERT: Plant station data file is 513.36 hours old.
2025-08-03 04:31:17 | DAILY_SUMMARY | SENT | Daily summary report for 2025-08-03
2025-08-03 05:31:22 | PLANT_DATA_AGE | SENT | PLANT DATA AGE ALERT: Plant station data file is 514.37 hours old.
2025-08-03 06:31:27 | PLANT_DATA_AGE | SENT | PLANT DATA AGE ALERT: Plant station data file is 515.37 hours old.
2025-08-03 07:31:32 | PLANT_DATA_AGE | SENT | PLANT DATA AGE ALERT: Plant station data file is 516.37 hours old.
2025-08-03 08:31:37 | PLANT_DATA_AGE | SENT | PLANT DATA AGE ALERT: Plant station data file is 517.37 hours old.
2025-08-03 09:31:42 | PLANT_DATA_AGE | SENT | PLANT DATA AGE ALERT: Plant station data file is 518.37 hours old.
2025-08-03 10:31:47 | PLANT_DATA_AGE | SENT | PLANT DATA AGE ALERT: Plant station data file is 519.38 hours old.
2025-08-03 11:31:52 | PLANT_DATA_AGE | SENT | PLANT DATA AGE ALERT: Plant station data file is 520.38 hours old.
2025-08-03 12:31:57 | PLANT_DATA_AGE | SENT | PLANT DATA AGE ALERT: Plant station data file is 521.38 hours old.
2025-08-03 13:32:02 | PLANT_DATA_AGE | SENT | PLANT DATA AGE ALERT: Plant station data file is 522.38 hours old.
2025-08-03 14:32:07 | PLANT_DATA_AGE | SENT | PLANT DATA AGE ALERT: Plant station data file is 523.38 hours old.
2025-08-03 15:32:11 | PLANT_DATA_AGE | SENT | PLANT DATA AGE ALERT: Plant station data file is 524.38 hours old.
2025-08-03 16:32:16 | PLANT_DATA_AGE | SENT | PLANT DATA AGE ALERT: Plant station data file is 525.38 hours old.
2025-08-03 17:32:21 | PLANT_DATA_AGE | SENT | PLANT DATA AGE ALERT: Plant station data file is 526.39 hours old.
2025-08-03 18:32:26 | PLANT_DATA_AGE | SENT | PLANT DATA AGE ALERT: Plant station data file is 527.39 hours old.
2025-08-03 19:32:31 | PLANT_DATA_AGE | SENT | PLANT DATA AGE ALERT: Plant station data file is 528.39 hours old.
2025-08-03 20:32:36 | PLANT_DATA_AGE | SENT | PLANT DATA AGE ALERT: Plant station data file is 529.39 hours old.
2025-08-03 21:32:40 | PLANT_DATA_AGE | SENT | PLANT DATA AGE ALERT: Plant station data file is 530.39 hours old.
2025-08-03 21:32:55 | DAILY_SUMMARY | SENT | Daily summary report for 2025-08-03
2025-08-03 22:33:00 | PLANT_DATA_AGE | SENT | PLANT DATA AGE ALERT: Plant station data file is 531.40 hours old.
2025-08-03 23:33:05 | PLANT_DATA_AGE | SENT | PLANT DATA AGE ALERT: Plant station data file is 532.40 hours old.
2025-08-04 00:33:10 | PLANT_DATA_AGE | SENT | PLANT DATA AGE ALERT: Plant station data file is 533.40 hours old.
2025-08-04 01:33:15 | PLANT_DATA_AGE | SENT | PLANT DATA AGE ALERT: Plant station data file is 534.40 hours old.
2025-08-04 02:33:19 | PLANT_DATA_AGE | SENT | PLANT DATA AGE ALERT: Plant station data file is 535.40 hours old.
2025-08-04 03:33:24 | PLANT_DATA_AGE | SENT | PLANT DATA AGE ALERT: Plant station data file is 536.40 hours old.
2025-08-04 04:33:29 | PLANT_DATA_AGE | SENT | PLANT DATA AGE ALERT: Plant station data file is 537.40 hours old.
2025-08-04 05:33:34 | PLANT_DATA_AGE | SENT | PLANT DATA AGE ALERT: Plant station data file is 538.41 hours old.
2025-08-04 06:33:39 | PLANT_DATA_AGE | SENT | PLANT DATA AGE ALERT: Plant station data file is 539.41 hours old.
2025-08-04 07:33:44 | PLANT_DATA_AGE | SENT | PLANT DATA AGE ALERT: Plant station data file is 540.41 hours old.
2025-08-04 08:33:49 | PLANT_DATA_AGE | SENT | PLANT DATA AGE ALERT: Plant station data file is 541.41 hours old.
2025-08-04 09:33:54 | PLANT_DATA_AGE | SENT | PLANT DATA AGE ALERT: Plant station data file is 542.41 hours old.
2025-08-04 10:33:58 | PLANT_DATA_AGE | SENT | PLANT DATA AGE ALERT: Plant station data file is 543.41 hours old.
2025-08-04 11:34:03 | PLANT_DATA_AGE | SENT | PLANT DATA AGE ALERT: Plant station data file is 544.41 hours old.
2025-08-04 12:34:08 | PLANT_DATA_AGE | SENT | PLANT DATA AGE ALERT: Plant station data file is 545.42 hours old.
2025-08-04 13:34:12 | PLANT_DATA_AGE | SENT | PLANT DATA AGE ALERT: Plant station data file is 546.42 hours old.
2025-08-04 14:34:17 | PLANT_DATA_AGE | SENT | PLANT DATA AGE ALERT: Plant station data file is 547.42 hours old.
2025-08-04 15:34:23 | PLANT_DATA_AGE | SENT | PLANT DATA AGE ALERT: Plant station data file is 548.42 hours old.
2025-08-04 16:34:28 | PLANT_DATA_AGE | SENT | PLANT DATA AGE ALERT: Plant station data file is 549.42 hours old.
2025-08-04 16:34:49 | DAILY_SUMMARY | SENT | Daily summary report for 2025-08-04
2025-08-04 17:34:53 | PLANT_DATA_AGE | SENT | PLANT DATA AGE ALERT: Plant station data file is 550.43 hours old.
2025-08-04 18:34:58 | PLANT_DATA_AGE | SENT | PLANT DATA AGE ALERT: Plant station data file is 551.43 hours old.
2025-08-04 19:35:03 | PLANT_DATA_AGE | SENT | PLANT DATA AGE ALERT: Plant station data file is 552.43 hours old.
2025-08-04 20:35:08 | PLANT_DATA_AGE | SENT | PLANT DATA AGE ALERT: Plant station data file is 553.43 hours old.
2025-08-04 21:35:12 | PLANT_DATA_AGE | SENT | PLANT DATA AGE ALERT: Plant station data file is 554.43 hours old.
